split_idx,day,intraday_min_pnl,intraday_max_pnl,final_pnl,n_trades,max_consecutive_losses
0,20220103,-152.3800,647.5550,647.5550,68,11
0,20220104,-1028.8050,21.2600,-896.9000,60,14
0,20220105,-162.7050,168.8600,-141.4450,43,9
0,20220106,-145.4550,2195.4950,1984.5950,147,8
0,20220107,-1316.4350,-2.4500,-512.8500,90,8
0,20220110,-1240.4050,1734.2850,1734.2850,116,15
0,20220111,-118.0150,3368.6700,3368.6700,117,5
0,20220112,-729.6200,31.3300,-135.3800,87,7
0,20220113,-1379.3400,-11.2400,-970.7850,109,14
0,20220114,-1533.6950,166.3000,-355.9600,154,10
0,20220118,-1072.7000,34.4750,-329.3350,129,8
0,20220119,-2474.5500,-97.4900,-1987.0850,104,13
0,20220120,-33.7200,1797.9800,772.7850,91,7
0,20220121,-1494.0550,3324.8800,-1472.7950,283,11
0,20220124,-11047.5000,21.2600,-793.6350,449,10
0,20220125,-595.3450,10191.0000,10191.0000,350,8
0,20220126,-1045.1150,1558.4150,1340.3100,156,11
0,20220127,-8250.7350,-11.2400,-6823.0800,317,17
0,20220128,-46.2100,9883.4000,8461.9550,258,8
0,20220131,21.2600,2225.2950,2225.2950,92,6
0,20220201,-604.1450,1434.0600,1434.0600,156,8
0,20220202,-633.6350,648.1150,648.1150,124,5
0,20220203,-11.2400,1218.5350,528.1250,125,7
0,20220204,-2372.4150,1302.3550,1302.3550,173,8
0,20220207,-475.5100,278.3850,252.2900,104,10
0,20220208,-75.5450,2270.6800,2095.8000,80,4
0,20220209,-11.2400,911.7600,911.7600,51,2
0,20220210,-2026.7550,1183.3100,-1846.6550,147,16
0,20220211,-5762.4350,150.1100,-5741.1750,195,20
0,20220214,-1246.9500,1390.1400,-198.1400,186,14
0,20220215,6.3000,885.7100,871.9800,73,7
0,20220216,-190.5250,725.6700,725.6700,67,6
0,20220217,-1212.2850,21.2600,-1212.2850,84,10
0,20220218,-3369.2950,-11.2400,-1585.2650,161,11
0,20220222,-3620.3350,778.9300,-3412.1800,157,11
0,20220223,-4086.5450,-11.2400,-4065.2850,159,16
0,20220224,-11.2400,10321.9000,10321.9000,315,11
0,20220225,10.0200,8857.4350,8751.8800,188,7
0,20220228,-5.0350,3728.8950,-5.0350,184,12
0,20220301,-5926.4050,-68.7300,-5295.5900,191,14
0,20220302,21.2600,6181.7400,6181.7400,174,7
1,20220103,-164.9650,146.6700,-108.6950,68,6
1,20220104,-477.8750,42.5200,-214.4100,59,7
1,20220105,26.2600,351.6800,351.6800,43,5
1,20220106,-26.7150,1608.9000,1537.0950,147,6
1,20220107,-640.0850,60.0800,-206.6000,90,5
1,20220110,-177.9750,655.4250,401.7850,116,7
1,20220111,14.4350,2202.6450,1802.4200,117,5
1,20220112,-468.3400,209.6200,209.6200,87,10
1,20220113,-687.8950,21.2600,-432.0350,109,11
1,20220114,-967.4350,8.9000,-625.9600,154,6
1,20220118,-1011.9250,138.4650,-680.5850,129,8
1,20220119,60.0400,1572.8750,1346.6650,104,10
1,20220120,-322.4100,556.5150,469.0350,91,6
1,20220121,-81.0300,2626.4250,1813.4550,283,8
1,20220124,-9862.4050,82.5400,-4108.6350,449,11
1,20220125,-142.8450,5426.0000,5426.0000,350,10
1,20220126,-78.5500,1220.7000,682.8100,156,6
1,20220127,-104.9400,2827.5250,2780.6700,317,7
1,20220128,-46.2100,3900.5750,2801.9550,258,8
1,20220131,-304.5300,342.0100,34.0450,92,7
1,20220201,-194.2350,760.3100,760.3100,156,5
1,20220303,-34.2500,1090.3000,1072.8900,164,8
1,20220304,-250.4450,1764.1500,1615.4600,171,7
1,20220307,-1720.2000,-6.1800,-947.5450,183,13
1,20220308,-4988.9850,1422.2050,-4588.8050,307,17
1,20220309,-23.7000,1241.9350,1227.0250,140,6
1,20220310,-1303.2050,458.4150,-848.1550,122,11
1,20220311,-352.4600,1477.6100,1367.6400,139,8
1,20220314,-1637.0250,60.8250,-1564.4550,117,11
1,20220315,-429.0200,474.2450,387.4200,117,11
1,20220316,-1199.2700,1329.9750,1329.9750,185,5
1,20220317,-98.6500,1200.0950,1200.0950,72,3
1,20220318,-130.1150,233.5250,-130.1150,51,11
1,20220321,-197.8450,809.5800,506.7750,115,6
1,20220322,-33.3000,124.0800,-12.0400,46,5
1,20220323,-3.7000,404.0600,-1.1850,69,7
1,20220324,-88.7400,682.2850,344.8450,47,6
1,20220325,-441.0900,152.5200,-2.8800,87,8
1,20220328,-306.3550,126.3300,-231.3250,55,7
1,20220329,47.5100,714.8950,331.2750,65,7
1,20220330,-17.3500,232.9400,221.7000,45,8
2,20220103,-152.3800,527.8400,385.0550,68,11
2,20220104,-840.3150,21.2600,-691.9000,60,13
2,20220105,-37.1300,168.8600,134.8050,43,7
2,20220106,-145.4550,2292.9950,2132.0950,147,8
2,20220107,-1327.6750,-2.4500,-199.0500,95,8
2,20220110,-1240.4050,1751.7850,1751.7850,116,15
2,20220111,-118.0150,3622.4100,3583.6700,117,5
2,20220112,-729.6200,31.3300,-227.8800,87,7
2,20220113,-935.2650,-11.2400,-392.0350,109,11
2,20220114,-1533.6950,166.3000,-388.4600,154,10
2,20220118,-1110.2000,34.4750,-539.3350,129,7
2,20220119,-2474.5500,-97.4900,-1987.0850,104,13
2,20220120,-33.7200,1737.9200,702.7850,91,10
2,20220121,-1241.5550,3324.8800,-1220.2950,283,11
2,20220124,-11015.0000,21.2600,-896.1350,449,10
2,20220125,-595.3450,9998.5000,9998.5000,350,7
2,20220126,-1045.1150,1614.6650,1396.5600,156,11
2,20220127,-8250.7350,-11.2400,-6823.0800,317,17
2,20220128,-46.2100,9883.4000,8461.9550,258,8
2,20220131,21.2600,2174.0450,2174.0450,92,6
2,20220201,-604.1450,1626.5600,1626.5600,156,8
2,20220331,-314.6000,27.5300,-293.3400,41,6
2,20220401,-902.8650,14.4150,-427.4650,66,13
2,20220404,23.7600,342.7100,331.4700,22,2
2,20220405,-1218.7650,63.7900,-1218.7650,61,10
2,20220406,12.5200,2521.1900,2449.9800,123,7
2,20220407,-415.3050,1490.8600,1490.8600,86,8
2,20220408,-11.2400,673.4550,264.3700,62,5
2,20220411,-180.8400,58.8600,-159.5800,42,6
2,20220412,-1732.3050,280.7650,-1689.7450,88,15
2,20220413,-11.2400,867.2650,712.3250,45,5
2,20220414,-671.2050,63.8100,-671.2050,67,8
2,20220418,-1349.8750,21.2600,-1349.8750,75,12
2,20220419,25.0100,362.3650,339.8850,51,5
2,20220420,-646.3350,69.6950,-576.3150,56,8
2,20220421,-5113.7900,-11.2400,-5113.7900,121,15
2,20220422,-2368.4950,21.2600,-2265.9050,97,10
2,20220425,-1200.2150,4212.6250,4167.6650,204,13
2,20220426,-1255.3950,257.5550,-1234.1350,149,10
2,20220427,21.2600,2760.8500,660.1650,204,13
2,20220428,138.7900,6330.6450,6173.1950,132,3
3,20220103,-152.3800,335.2600,143.8050,68,11
3,20220104,-408.1500,21.2600,-408.1500,60,5
3,20220105,26.2600,227.3050,227.3050,43,6
3,20220106,-394.6200,1148.3050,1127.0950,147,8
3,20220107,-510.1650,70.1800,10.9100,91,9
3,20220110,-1174.9250,56.6550,-108.2150,116,10
3,20220111,-118.0150,1323.8750,842.4200,117,7
3,20220112,-264.6100,257.1000,212.1200,87,8
3,20220113,-844.3700,-11.2400,-298.2850,109,8
3,20220114,-1007.2100,206.7750,-1007.2100,154,8
3,20220118,-804.3350,82.2150,-804.3350,129,7
3,20220119,-1776.3550,-97.4900,-244.5850,104,9
3,20220120,-33.7200,1281.5250,1270.2850,91,7
3,20220121,-1069.6150,321.3600,44.7050,283,9
3,20220124,-2701.6700,2166.2600,1311.3650,449,9
3,20220125,-595.3450,4014.3000,1054.7500,350,6
3,20220126,-409.1150,1104.6550,875.3100,156,5
3,20220127,-3948.7250,76.9050,-3896.8300,317,10
3,20220128,-386.9100,2345.6950,2334.4550,258,6
3,20220131,21.2600,1260.2450,1212.7950,92,5
3,20220201,-703.3300,40.8900,-80.9400,156,9
3,20220429,-1130.1300,237.0250,-1019.2550,137,11
3,20220502,-6464.8500,-11.2400,-6464.8500,265,10
3,20220503,-33.7200,1138.6900,548.6450,177,11
3,20220504,-14976.4700,2747.8350,-14976.4700,228,16
3,20220505,-1038.1750,3187.9700,3166.7400,299,10
3,20220506,-11.2400,3537.8250,1329.3200,307,14
3,20220509,-314.0250,1018.4900,1007.2400,224,11
3,20220510,-1635.2450,493.1000,481.8600,311,10
3,20220511,-825.3900,2573.7300,2573.7300,248,11
3,20220512,9.6550,2759.5400,85.8250,270,10
3,20220513,-3009.9900,380.9650,-3009.9900,126,10
3,20220516,-289.0850,2511.5000,2511.5000,150,5
3,20220517,-1985.0900,979.0700,-1985.0900,116,15
3,20220518,-2345.7350,-166.2400,-1771.5650,156,10
3,20220519,20.0100,4866.3000,4843.8200,257,10
3,20220520,-2880.5400,-11.2400,-2859.2800,197,14
3,20220523,130.0100,2173.8600,2131.3900,139,7
3,20220524,-17.4500,3644.0700,2956.8600,186,9
3,20220525,-2091.4650,1329.8800,-2045.7500,175,10
3,20220526,21.2600,547.9500,534.2500,50,6
4,20220103,-96.1800,331.5000,58.8050,68,5
4,20220104,-39.9700,640.9350,578.1000,60,6
4,20220105,26.2600,272.3050,272.3050,43,5
4,20220106,-343.8650,648.3450,648.3450,147,6
4,20220107,-1263.8250,71.3200,-764.0900,91,10
4,20220110,-11.2400,1283.0350,1283.0350,116,10
4,20220111,-1243.4850,319.8550,-1093.8300,117,8
4,20220112,-98.3400,180.7600,64.6200,87,6
4,20220113,-999.5300,21.2600,-779.5350,109,9
4,20220114,81.2600,1014.0400,1014.0400,154,7
4,20220118,-989.4750,178.4650,-736.8350,129,13
4,20220119,56.6650,920.6100,56.6650,104,7
4,20220120,-240.9600,205.2150,-42.2150,91,4
4,20220121,-976.6700,1869.6650,1702.2050,283,11
4,20220124,-873.5400,1721.5350,-422.3850,449,9
4,20220125,21.2600,5120.4600,3903.5000,350,8
4,20220126,-511.6950,1073.6350,-438.4400,156,8
4,20220127,21.2600,2831.6100,198.1700,317,8
4,20220128,-3799.0750,1609.9150,-3423.0450,258,10
4,20220131,-466.3550,291.5350,280.2950,92,5
4,20220201,-898.3650,105.4200,-583.4400,156,15
4,20220527,-36.7650,249.0700,180.3700,37,4
4,20220531,-13.7300,1755.9200,1298.7100,121,6
4,20220601,-208.9350,1122.4300,1050.0300,128,5
4,20220602,141.8850,1393.2700,1393.2700,77,4
4,20220603,-196.0350,212.2150,-32.7400,101,8
4,20220606,-392.9650,1137.7050,1069.0350,91,5
4,20220607,-206.4850,194.2700,-178.0600,69,8
4,20220608,-32.4700,1404.6600,1354.7100,96,9
4,20220609,-1708.9500,10.0200,-1708.9500,105,13
4,20220610,-11.2400,1696.1600,1454.9800,123,4
4,20220613,-648.7150,653.4050,-648.7150,191,13
4,20220614,-22.4800,1458.5100,576.5900,159,11
4,20220615,-1225.0650,5568.5450,4315.6350,251,7
4,20220616,-715.5950,232.2100,-222.2000,155,13
4,20220617,-264.0750,798.0900,716.8700,187,7
4,20220621,-46.3650,335.1600,-15.0650,56,4
4,20220622,-605.1350,20.0300,-333.4850,89,7
4,20220623,-257.2300,656.6050,656.6050,98,7
4,20220624,10.0200,312.2650,312.2650,39,4
4,20220627,73.7600,514.7250,353.3800,88,5
5,20220103,-310.7500,76.5000,-138.6950,68,7
5,20220104,-202.5850,287.6500,-49.4000,60,11
5,20220105,26.2600,346.6700,335.4300,43,5
5,20220106,-674.6000,687.9950,552.0950,147,10
5,20220107,-162.4000,561.1150,479.6600,91,8
5,20220110,-724.2950,1704.2850,1704.2850,116,8
5,20220111,-156.4650,1860.1450,1721.1700,117,8
5,20220112,-12.4600,598.2000,487.1200,87,8
5,20220113,-530.7200,-9.0400,-220.7850,109,7
5,20220114,-2.4450,1016.5400,1016.5400,154,10
5,20220118,-875.2000,50.9150,-271.8350,129,7
5,20220119,-671.0900,802.0800,-280.8350,104,14
5,20220120,-623.4750,551.3700,-602.2150,91,8
5,20220121,-1262.8050,1406.2800,-1241.5450,283,12
5,20220124,-10187.5000,153.5950,-103.6350,449,9
5,20220125,-595.3450,7469.7500,7469.7500,350,9
5,20220126,-217.3100,2389.6650,2171.5600,156,6
5,20220127,-6484.4950,833.1550,-5054.3300,317,17
5,20220128,-46.2100,4505.5250,3808.2050,258,8
5,20220131,-114.9700,1054.0450,1054.0450,92,6
5,20220201,-628.2500,407.1050,390.3100,156,8
5,20220628,-2331.4300,-94.3450,-2331.4300,107,12
5,20220629,-501.2250,30.0900,-203.3150,106,5
5,20220630,-399.3850,682.1850,-399.3850,124,7
5,20220701,120.0100,2245.5750,2245.5750,120,7
5,20220705,-555.9700,2699.3350,2676.8550,123,10
5,20220706,-409.8900,1641.0100,1517.4200,117,6
5,20220707,-11.2400,245.8750,217.2050,33,4
5,20220708,-490.9900,140.7150,-9.3000,70,8
5,20220711,-90.4950,184.1600,-78.2500,50,9
5,20220712,-15.5800,198.1200,-15.5800,67,8
5,20220713,21.2600,939.0950,620.4550,108,6
5,20220714,-28.5800,1764.1750,1764.1750,105,4
5,20220715,-74.7800,226.6300,201.6400,39,3
5,20220718,-843.3000,281.4600,-822.0400,46,12
5,20220719,22.8500,352.6700,87.8800,38,7
5,20220720,-144.3900,560.1950,560.1950,82,9
5,20220721,21.2600,1586.9800,1586.9800,73,3
5,20220722,-238.7100,126.3400,43.3600,86,9
5,20220725,-22.4800,467.2250,172.4650,59,6
5,20220726,-57.4900,427.8000,109.8450,47,13
6,20220103,-502.1600,112.5550,112.5550,68,11
6,20220104,-11.2400,993.4350,708.1000,60,5
6,20220105,-73.9950,129.0900,-52.7350,39,5
6,20220106,-1238.1200,190.7950,-469.1550,147,9
6,20220107,-11.2400,1553.5750,993.4100,91,10
6,20220110,-145.9250,935.8450,170.5350,116,10
6,20220111,-2144.7550,225.8650,-1921.3300,117,10
6,20220112,18.8300,1067.1000,1022.1200,87,7
6,20220113,21.2600,1390.2050,1250.4650,109,8
6,20220114,-87.4600,2238.0250,1614.0400,154,13
6,20220118,-10.5750,813.8050,86.9150,129,8
6,20220119,92.5100,4120.3850,4097.9150,104,5
6,20220120,-1557.0800,63.7800,-908.4650,91,13
6,20220121,-3292.9350,153.3750,-521.5450,283,10
6,20220124,-3092.2750,492.6150,-452.3850,449,9
6,20220125,-267.8450,4370.4600,2129.7500,350,8
6,20220126,-216.6200,1051.1350,402.8100,156,5
6,20220127,-116.1800,4682.6250,2775.6700,317,8
6,20220128,-3450.5650,1660.4500,-296.7950,258,9
6,20220131,-775.1350,-11.2400,-482.2050,92,11
6,20220201,-526.8150,847.9200,-460.9400,156,15
6,20220727,-2552.4250,119.6550,-2552.4250,70,8
6,20220728,-225.8800,35.0500,-214.4700,53,6
6,20220729,-308.2300,172.7000,-308.2300,52,5
6,20220801,-549.6850,371.0650,-518.4050,97,7
6,20220802,-1066.5150,-44.9900,-515.4500,80,9
6,20220803,-798.3000,10.0200,-793.2800,47,9
6,20220804,-550.9900,21.2600,-396.2850,59,10
6,20220805,-11.2400,672.7300,288.2100,71,6
6,20220808,50.0100,1494.3700,1361.9200,67,9
6,20220809,-17.9650,275.9250,9.8850,51,18
6,20220810,-257.2400,-11.2400,-87.1200,38,7
6,20220811,91.2700,1028.7850,981.3250,70,6
6,20220812,-449.7900,21.2600,-381.0200,23,12
6,20220815,-549.8000,-11.2400,-493.4600,29,6
6,20220816,-404.5100,-1.2200,-404.5100,49,7
6,20220817,21.2600,948.9650,937.7250,85,5
6,20220818,-279.8600,-11.2400,-64.5900,41,6
6,20220819,-2.1800,207.6000,92.9500,45,7
6,20220822,-322.2700,-33.7400,-213.3300,42,5
6,20220823,10.0200,409.1800,295.7600,76,7
7,20220103,-152.3800,700.0550,700.0550,68,11
7,20220104,-39.9700,824.7850,428.1000,60,9
7,20220105,-134.5900,230.1900,-113.3300,42,11
7,20220106,-1367.3150,45.0500,-431.6550,147,9
7,20220107,-302.3600,883.5750,517.1600,91,10
7,20220110,-1584.9050,-11.2400,-1085.7150,116,12
7,20220111,-2916.0050,4.6550,-2438.8300,117,11
7,20220112,-288.5100,242.1000,197.1200,87,7
7,20220113,-408.0150,234.7350,-94.5350,109,6
7,20220114,-240.3550,1826.7750,1557.7900,154,9
7,20220118,-190.7850,526.2050,223.1650,129,7
7,20220119,-1215.3950,288.3300,-263.3350,104,5
7,20220120,-670.6200,508.9500,-573.4650,91,10
7,20220121,-2431.6850,1143.4450,1132.2050,283,10
7,20220124,-6168.4900,685.5750,-5617.3850,449,9
7,20220125,-142.8450,4512.4750,2201.0000,350,7
7,20220126,-827.2000,898.6350,-805.9400,156,5
7,20220127,-307.7850,5859.2850,4743.1700,317,10
7,20220128,-4878.6000,1807.9500,-3664.2950,258,13
7,20220131,-332.6350,391.5350,380.2950,92,7
7,20220201,-2096.7650,-11.2400,-1909.6900,156,15
7,20220824,-12.4600,552.2550,552.2550,38,4
7,20220825,-259.3350,296.0450,296.0450,42,4
7,20220826,-684.8400,368.7850,8.4000,90,7
7,20220829,-357.0000,341.4300,172.7350,86,7
7,20220830,-51.6700,662.4300,656.2300,123,7
7,20220831,-489.1200,98.8400,-258.9300,107,7
7,20220901,-119.9000,1322.6450,1171.6350,101,8
7,20220902,-3.7000,2509.3550,2168.1950,132,9
7,20220906,146.2600,2157.6850,2095.8750,150,7
7,20220907,17.8000,789.3000,654.3900,64,6
7,20220908,97.5100,2957.3300,2957.3300,108,7
7,20220909,-6.2300,714.9050,714.9050,53,5
7,20220912,-53.6800,226.9500,226.9500,70,5
7,20220913,-1020.3900,-11.2400,-1020.3900,86,9
7,20220914,-400.3800,572.9200,-310.9450,93,13
7,20220915,-748.8650,612.5650,-535.1200,113,9
7,20220916,-452.2500,472.7750,472.7750,90,7
7,20220919,-307.3900,486.4650,475.2250,85,5
7,20220920,-749.4500,153.9700,-380.5400,71,5
7,20220921,-5408.2300,2455.2550,-5365.7100,179,13
8,20220103,-184.8800,782.5550,782.5550,68,12
8,20220104,-41.1900,643.5350,529.3500,60,5
8,20220105,-82.0900,230.1900,-60.8300,42,9
8,20220106,-1492.3150,12.5300,-651.6550,147,9
8,20220107,-301.1400,916.0750,394.6600,91,10
8,20220110,-858.6550,788.0350,788.0350,116,8
8,20220111,-2584.7550,95.9050,-2035.0800,117,11
8,20220112,-356.0100,159.4900,27.1200,87,9
8,20220113,-221.7650,454.6400,210.4650,109,8
8,20220114,-240.3550,1746.5400,1746.5400,154,9
8,20220118,-208.3050,467.4550,424.4150,129,7
8,20220119,-380.3950,1620.8300,604.1650,104,7
8,20220120,-1252.2250,416.4500,-1230.9650,91,10
8,20220121,-1960.3550,498.4050,429.7050,283,10
8,20220124,-6589.8500,82.5400,-5939.8850,449,9
8,20220125,-595.3450,1940.7750,-276.5000,350,7
8,20220126,-888.4500,462.3850,-867.1900,156,5
8,20220127,-381.5650,6533.0150,5471.9200,317,8
8,20220128,-4943.6000,1807.9500,-4031.7950,258,9
8,20220131,-282.6350,720.2950,720.2950,92,7
8,20220201,-1293.0150,351.9650,-1087.1900,156,15
8,20220922,-610.2450,214.6600,203.4200,92,21
8,20220923,-349.2500,579.6700,579.6700,92,8
8,20220926,-954.8600,940.1000,940.1000,135,11
8,20220927,-1033.6100,1925.8350,1925.8350,146,5
8,20220928,-258.0200,281.4400,275.8700,87,8
8,20220929,-1043.4850,355.0900,-465.0900,116,9
8,20220930,-684.4950,740.6000,-663.2350,114,11
8,20221003,-36.1800,1030.0850,818.8750,75,3
8,20221004,-70.2750,462.5050,450.0350,66,8
8,20221005,-509.6700,1223.2900,1223.2900,79,11
8,20221006,108.7600,1435.6300,917.3900,114,7
8,20221007,-523.5900,64.1300,-322.9800,77,7
8,20221010,-229.7200,970.1150,811.0300,103,11
8,20221011,-912.1400,100.0400,-789.6450,98,14
8,20221012,-44.9600,541.3650,168.4400,94,9
8,20221013,405.0100,7178.4450,5194.9400,244,17
8,20221014,-356.0300,1637.7450,1102.8100,156,8
8,20221017,-452.2700,43.8400,-282.4550,67,7
8,20221018,-1922.4800,-172.4900,-1843.7000,130,10
8,20221019,-223.6500,1248.4400,1248.4400,94,8
9,20220202,-222.5350,921.8350,881.8650,124,4
9,20220203,-11.2400,1144.8750,120.6250,125,7
9,20220204,-1811.1650,1422.1850,1377.3550,173,14
9,20220207,-648.0100,250.8850,-112.7100,104,10
9,20220208,-13.1150,1265.7700,1217.0500,80,3
9,20220209,21.2600,549.2100,414.2600,51,5
9,20220210,-1544.2550,1633.3100,-1364.1550,147,16
9,20220211,-5072.4350,145.1200,-5051.1750,195,19
9,20220214,-1246.9500,1245.8450,544.3600,186,10
9,20220215,-22.4800,1195.0650,1147.6150,74,5
9,20220216,-158.0250,249.3500,239.4200,67,5
9,20220217,-438.5500,208.8100,-224.7850,84,10
9,20220218,-3321.7950,21.2600,-2176.5150,161,10
9,20220222,-3400.3350,657.6700,-3192.1800,157,12
9,20220223,-3557.7950,-11.2400,-3536.5350,159,10
9,20220224,-11.2400,10283.1500,10283.1500,315,8
9,20220225,21.2600,6008.6950,5943.1300,188,7
9,20220228,-177.5350,2691.4750,-177.5350,184,10
9,20220301,-4657.6550,106.2700,-4026.8400,191,14
9,20220302,-113.1050,5575.4900,5575.4900,174,4
9,20220303,-3209.3800,-11.2400,-1239.6100,164,8
9,20220304,-1078.1200,2173.8700,1104.2100,171,15
9,20220307,-3772.5550,26.3200,-3751.2950,183,13
9,20220308,-2167.0000,4777.2100,1484.9450,307,20
9,20220309,-23.7000,2122.0250,2122.0250,140,5
9,20220310,-980.0450,484.3450,484.3450,122,7
9,20220311,-688.3850,-5.0550,-628.6100,139,8
9,20220314,-2231.5300,21.2600,-2013.2050,117,9
9,20220315,-191.1600,1696.1700,1696.1700,117,9
9,20220316,-1527.9000,6744.3500,6744.3500,185,7
9,20220317,-119.9200,1098.8250,1098.8250,70,5
9,20220318,-33.7200,459.8350,232.3950,52,4
9,20220321,-1779.3500,165.8050,-1338.2250,115,11
9,20220322,-21.1900,351.1350,351.1350,51,4
9,20220323,-110.1450,374.0800,-63.6850,69,6
9,20220324,-88.7400,541.0850,541.0850,46,3
9,20220325,-473.5900,230.7200,-35.3800,87,11
9,20220328,-227.2400,358.6050,288.6750,55,7
9,20220329,47.5100,627.4650,426.2750,65,6
9,20220330,-14.8800,345.4600,276.7400,49,9
10,20220202,-633.6350,680.6150,680.6150,124,5
10,20220203,-11.2400,1218.5350,114.3750,125,7
10,20220204,-2372.4150,1302.3550,1302.3550,173,8
10,20220207,-825.5100,278.3850,-130.2100,104,10
10,20220208,-75.5450,2556.9300,2349.5500,80,4
10,20220209,-11.2400,744.2600,744.2600,51,4
10,20220210,-1994.2550,1215.8100,-1814.1550,147,16
10,20220211,-5762.4350,150.1100,-5741.1750,195,20
10,20220214,-1246.9500,1325.1400,-263.1400,186,14
10,20220215,6.3000,966.9700,953.2400,74,5
10,20220216,-190.5250,940.6700,940.6700,67,6
10,20220217,-1187.2850,21.2600,-1187.2850,84,10
10,20220218,-3751.7950,-11.2400,-1967.7650,161,10
10,20220222,-3777.8350,778.9300,-3569.6800,157,11
10,20220223,-4036.5450,-11.2400,-4015.2850,159,16
10,20220224,-11.2400,10479.4000,10479.4000,315,9
10,20220225,10.0200,8792.4350,8686.8800,188,7
10,20220228,21.2600,3826.4750,494.9650,184,10
10,20220301,-6438.9050,-68.7300,-5808.0900,191,14
10,20220302,21.2600,6740.4900,6740.4900,174,7
10,20220331,-352.8150,27.5300,-280.1850,44,6
10,20220401,-894.0650,14.4150,-394.9650,66,11
10,20220404,23.7600,320.2200,320.2200,22,3
10,20220405,-1178.7650,63.7900,-1178.7650,61,9
10,20220406,12.5200,2521.1900,2449.9800,123,7
10,20220407,-415.3050,1693.3600,1693.3600,86,8
10,20220408,-11.2400,673.4550,251.8700,62,8
10,20220411,-235.8400,58.8600,-214.5800,42,3
10,20220412,-2229.7450,280.7650,-2229.7450,88,15
10,20220413,-11.2400,1122.3250,1122.3250,45,3
10,20220414,-547.4550,63.8100,-547.4550,67,8
10,20220418,-1252.3750,21.2600,-1252.3750,75,12
10,20220419,25.0100,388.6350,388.6350,51,8
10,20220420,-185.2150,190.9450,-67.5650,56,5
10,20220421,-4945.0500,-11.2400,-4945.0500,120,13
10,20220422,-2518.4950,21.2600,-2415.9050,97,10
10,20220425,-1200.2150,4180.1250,4135.1650,204,13
10,20220426,-1502.8950,257.5550,-1481.6350,149,8
10,20220427,21.2600,2760.8500,497.6650,204,15
10,20220428,138.7900,6531.8850,6363.1950,132,4
11,20220202,-630.4900,644.3650,644.3650,124,5
11,20220203,-11.2400,1218.5350,664.3750,125,8
11,20220204,-2372.4150,854.8550,854.8550,173,8
11,20220207,-443.0100,278.3850,219.7900,104,10
11,20220208,-75.5450,2129.4300,1954.5500,80,4
11,20220209,-11.2400,709.2400,694.2600,51,2
11,20220210,-2011.7550,1198.3100,-1831.6550,147,16
11,20220211,-5557.4350,150.1100,-5536.1750,195,20
11,20220214,-1246.9500,892.0950,-374.3900,186,14
11,20220215,6.3000,1163.2200,1149.4900,74,5
11,20220216,-190.5250,790.6700,790.6700,67,6
11,20220217,-1244.7850,21.2600,-1244.7850,84,10
11,20220218,-3314.2950,-11.2400,-1530.2650,161,10
11,20220222,-3525.3350,778.9300,-3317.1800,157,11
11,20220223,-4249.0450,-11.2400,-4227.7850,159,16
11,20220224,-11.2400,10421.9000,10421.9000,315,9
11,20220225,10.0200,8023.6850,7918.1300,188,7
11,20220228,21.2600,3728.8950,269.9650,184,10
11,20220301,-5853.9050,-68.7300,-5223.0900,191,14
11,20220302,21.2600,5771.7400,5771.7400,174,7
11,20220429,-3224.2950,293.2950,-3204.2550,137,15
11,20220502,-5332.7200,-11.2400,-177.3500,265,11
11,20220503,-33.7200,1853.6300,1704.8950,177,8
11,20220504,-43.0850,22401.0300,22401.0300,228,5
11,20220505,-5398.2800,21.2600,-5387.0100,299,11
11,20220506,-2941.0000,1536.5100,-1170.6800,307,14
11,20220509,-917.7600,1217.1500,-917.7600,224,14
11,20220510,-2556.4100,2752.2400,1054.3600,311,10
11,20220511,-5181.2700,147.6100,-5181.2700,248,11
11,20220512,-6973.9500,333.3150,-4556.6750,270,11
11,20220513,-1134.1700,1268.7600,1268.7600,126,10
11,20220516,-118.0350,2894.9800,2187.7500,150,6
11,20220517,-44.9600,4224.9100,4224.9100,116,4
11,20220518,-4211.5850,-166.2400,-4180.3150,156,13
11,20220519,20.0100,6630.3050,5597.5700,257,10
11,20220520,-3781.5900,-11.2400,-1129.2800,197,19
11,20220523,130.0100,2413.5950,2206.3900,139,7
11,20220524,-17.4500,4879.3600,4879.3600,186,13
11,20220525,-914.6300,4683.5550,4653.0000,175,8
11,20220526,21.2600,539.7450,469.2500,50,6
12,20220202,-197.0200,1175.6150,1175.6150,124,5
12,20220203,-11.2400,1016.6400,76.8750,125,7
12,20220204,-2019.9150,1219.8550,1219.8550,173,8
12,20220207,-500.5100,240.8850,67.2900,104,10
12,20220208,-13.1150,1807.2650,1649.5500,80,7
12,20220209,21.2600,507.2550,365.5100,51,4
12,20220210,-1536.7550,1275.8100,-1356.6550,147,16
12,20220211,-4899.9350,145.1200,-4878.6750,195,20
12,20220214,-861.9500,1652.1450,1038.1100,186,14
12,20220215,-11.2400,935.6700,834.4900,74,4
12,20220216,-190.5250,424.4200,424.4200,67,6
12,20220217,-745.2950,187.5300,-699.7850,84,10
12,20220218,-2929.2950,21.2600,-1177.7650,161,12
12,20220222,-3267.8350,683.8900,-3059.6800,157,11
12,20220223,-3306.5450,-11.2400,-3285.2850,159,13
12,20220224,-11.2400,9750.6500,9750.6500,315,9
12,20220225,-11.2400,5973.6850,5868.1300,188,7
12,20220228,21.2600,3667.6450,108.7150,184,10
12,20220301,-4947.6550,228.7900,-4316.8400,191,14
12,20220302,21.2600,4862.8500,4861.7400,174,7
12,20220527,-85.5150,386.6200,386.6200,37,3
12,20220531,-13.7300,2145.8800,1522.4600,121,5
12,20220601,-1703.7850,518.7700,462.5300,128,6
12,20220602,-146.8650,2630.7700,2630.7700,77,4
12,20220603,-607.7500,79.7150,-586.4900,101,8
12,20220606,-1035.3750,-11.2400,-578.4650,91,12
12,20220607,-416.4850,154.4400,154.4400,69,9
12,20220608,-17.4700,650.2900,529.7100,96,15
12,20220609,-1506.4500,47.2750,-1506.4500,105,11
12,20220610,-480.2750,1053.6600,812.4800,123,7
12,20220613,-531.2150,1924.4800,-531.2150,191,12
12,20220614,-642.8550,539.1250,-430.9100,159,12
12,20220615,-803.8350,10399.4300,9871.8850,251,7
12,20220616,-1486.2000,372.6550,-1075.9500,155,12
12,20220617,-33.7200,2481.6000,1933.1200,187,7
12,20220621,-206.4050,117.5900,-71.3150,56,4
12,20220622,-555.2150,243.8550,-333.4850,89,8
12,20220623,-1108.4900,435.3550,435.3550,98,12
12,20220624,10.0200,162.2650,162.2650,39,4
12,20220627,73.7600,525.9650,403.3800,88,5
13,20220202,-618.0600,713.1150,713.1150,124,5
13,20220203,-11.2400,1218.5350,224.3750,125,7
13,20220204,-2404.9150,887.3550,887.3550,173,8
13,20220207,-570.5100,278.3850,124.7900,104,10
13,20220208,-75.5450,2278.2100,2143.2600,76,4
13,20220209,-11.2400,687.2550,593.0100,51,2
13,20220210,-2026.7550,1183.3100,-1846.6550,147,16
13,20220211,-5524.9350,150.1100,-5503.6750,195,20
13,20220214,-1246.9500,1100.1400,-488.1400,186,14
13,20220215,6.3000,1158.2200,1144.4900,74,5
13,20220216,-190.5250,758.1700,758.1700,67,6
13,20220217,-1142.2850,21.2600,-1142.2850,84,10
13,20220218,-3654.2950,-11.2400,-1870.2650,161,10
13,20220222,-3664.0850,778.9300,-3455.9300,157,11
13,20220223,-4169.0450,-11.2400,-4147.7850,159,16
13,20220224,-11.2400,10446.9000,10446.9000,315,9
13,20220225,10.0200,8066.1850,7960.6300,188,7
13,20220228,21.2600,3728.8950,257.4650,184,10
13,20220301,-5788.9050,-68.7300,-5158.0900,191,14
13,20220302,21.2600,6181.7400,6181.7400,174,7
13,20220628,-3257.6800,-115.6050,-3257.6800,107,18
13,20220629,-971.3550,30.0900,-733.3150,106,9
13,20220630,-11.2400,2514.5200,828.1150,124,7
13,20220701,120.0100,2468.0750,2468.0750,120,8
13,20220705,-290.4850,3703.0850,3680.6050,123,8
13,20220706,-648.4200,2305.4550,2224.9200,117,6
13,20220707,-11.2400,389.0800,389.0800,33,2
13,20220708,-485.9900,179.5050,28.2000,70,8
13,20220711,-98.5900,262.2550,-1.3850,49,5
13,20220712,-13.0800,253.4750,-13.0800,67,6
13,20220713,-175.2850,896.6350,597.9550,108,9
13,20220714,-22.4800,3342.9250,3342.9250,105,4
13,20220715,-79.7800,187.8800,165.3900,39,4
13,20220718,-1008.2800,95.2200,-987.0200,48,13
13,20220719,42.7100,265.1500,184.1000,35,6
13,20220720,52.5100,940.1950,940.1950,82,9
13,20220721,21.2600,1951.9800,1951.9800,73,3
13,20220722,-1107.3750,-89.9800,-709.1400,86,13
13,20220725,-22.4800,474.7250,147.4650,59,6
13,20220726,-57.4900,265.3000,-15.1550,47,6
14,20220202,-414.3600,793.1150,793.1150,124,5
14,20220203,-11.2400,1218.2000,678.1250,125,7
14,20220204,-2404.9150,854.8550,854.8550,173,8
14,20220207,-456.7600,238.5400,238.5400,104,10
14,20220208,-13.1150,1921.9300,1714.5500,80,7
14,20220209,21.2600,565.5100,565.5100,51,3
14,20220210,-2076.7550,1133.3100,-1896.6550,147,16
14,20220211,-5547.4350,82.6100,-5526.1750,195,20
14,20220214,-801.9500,1512.6400,-75.6400,186,14
14,20220215,-11.2400,948.2200,934.4900,74,5
14,20220216,-190.5250,610.6700,610.6700,67,6
14,20220217,-629.7850,208.8100,-629.7850,84,10
14,20220218,-3524.2950,21.2600,-1740.2650,161,12
14,20220222,-3810.3350,746.4300,-3602.1800,157,11
14,20220223,-4400.2950,21.2600,-4379.0350,159,16
14,20220224,-11.2400,10446.9000,10446.9000,315,9
14,20220225,-23.7200,7456.1850,7350.6300,188,7
14,20220228,10.0200,3696.3950,237.4650,184,10
14,20220301,-5471.4050,196.2900,-4840.5900,191,14
14,20220302,-113.1050,5885.4900,5885.4900,174,7
14,20220727,-105.4650,3858.1800,3858.1800,68,6
14,20220728,21.2600,828.0300,828.0300,53,4
14,20220729,-200.9100,276.7700,276.7700,52,5
14,20220801,-406.2050,507.8250,485.3450,97,7
14,20220802,-239.2100,530.9750,-217.9500,80,14
14,20220803,-153.6900,379.2200,379.2200,47,4
14,20220804,-11.2400,811.8300,781.2150,59,3
14,20220805,-425.8700,21.2600,-274.2900,71,7
14,20220808,-309.9200,150.4100,21.9200,67,6
14,20220809,-64.9100,338.6250,334.8850,51,6
14,20220810,18.9300,174.0500,145.3800,38,5
14,20220811,-664.9550,84.8550,-656.1750,70,9
14,20220812,-209.9500,23.9800,23.9800,23,4
14,20220815,-214.8400,148.8200,-131.5950,28,6
14,20220816,-345.8300,130.0400,-89.4900,51,13
14,20220817,-276.0350,468.7250,-254.7750,85,8
14,20220818,3.8000,577.9300,577.9300,43,4
14,20220819,-373.9950,-63.7400,-340.2050,42,7
14,20220822,-209.5900,197.6000,-188.3300,42,13
14,20220823,-256.0700,254.4600,243.2600,76,6
15,20220202,-11.2400,1281.8350,1241.8650,124,5
15,20220203,-144.9400,850.7000,269.3750,125,7
15,20220204,-974.7200,2428.6050,2428.6050,173,6
15,20220207,-74.9700,941.0400,941.0400,104,10
15,20220208,-646.3750,343.3050,-417.9500,80,7
15,20220209,-110.3550,170.7150,125.5100,51,7
15,20220210,-2249.2550,563.3100,-2101.6550,147,16
15,20220211,-4088.6850,189.9550,-4067.4250,195,22
15,20220214,-11.2400,2344.5950,1078.1100,186,10
15,20220215,-55.8000,565.7200,551.9900,74,3
15,20220216,-275.0950,481.9200,481.9200,67,7
15,20220217,-572.2850,453.8100,-572.2850,84,10
15,20220218,-218.4700,1497.2350,1497.2350,161,8
15,20220222,-2020.3350,56.6700,-1812.1800,157,8
15,20220223,-962.8350,906.3400,-930.2850,159,10
15,20220224,-11.2400,6593.1500,6593.1500,315,8
15,20220225,-355.1150,2258.6950,2193.1300,188,6
15,20220228,-1863.7850,1296.6100,-1863.7850,184,10
15,20220301,-2467.6550,652.5800,-1836.8400,191,14
15,20220302,-252.7450,2735.4900,2735.4900,174,5
15,20220824,-216.1300,218.5250,218.5250,40,4
15,20220825,-186.2300,222.2950,222.2950,42,3
15,20220826,-684.8400,286.2850,-271.6000,90,7
15,20220829,-199.5000,297.7400,195.2350,86,5
15,20220830,-33.7200,781.2300,781.2300,123,10
15,20220831,-184.2700,218.0700,61.0700,107,6
15,20220901,-152.4000,1366.6350,1366.6350,101,10
15,20220902,-2152.5450,1457.1150,-1969.3050,132,9
15,20220906,-349.6550,791.5000,89.6250,150,10
15,20220907,-94.7000,756.8000,621.8900,64,8
15,20220908,97.5100,3264.8300,3264.8300,108,8
15,20220909,-17.4700,912.4050,912.4050,53,2
15,20220912,-53.6800,820.4100,793.2000,70,3
15,20220913,-1157.3050,-11.2400,-1157.3050,82,14
15,20220914,-386.0850,424.6450,-227.8100,94,13
15,20220915,-902.6200,587.5850,-902.6200,113,15
15,20220916,-480.9300,605.2750,605.2750,90,8
15,20220919,-339.8900,608.9550,513.9750,85,5
15,20220920,-490.8900,244.4600,244.4600,71,9
15,20220921,-4794.4500,3889.0850,-4751.9300,182,10
16,20220202,-11.2400,1400.6150,1400.6150,124,5
16,20220203,-179.7350,588.1800,-93.1250,125,7
16,20220204,-1246.1650,1829.8550,1829.8550,173,8
16,20220207,-503.0100,192.2900,192.2900,104,10
16,20220208,-186.3750,285.8050,-45.4500,80,7
16,20220209,-142.8550,165.5100,165.5100,51,7
16,20220210,-2241.7550,968.3100,-2061.6550,147,16
16,20220211,-5164.9350,115.1100,-5143.6750,195,20
16,20220214,-11.2400,2490.1400,901.8600,186,10
16,20220215,-169.4900,405.7200,391.9900,74,5
16,20220216,-250.0950,538.1700,538.1700,67,6
16,20220217,-572.2850,453.8100,-572.2850,84,10
16,20220218,-1799.2950,241.6200,-15.2650,161,8
16,20220222,-4317.8350,21.2600,-4109.6800,157,13
16,20220223,-2996.5450,373.7900,-2975.2850,159,16
16,20220224,-11.2400,9543.1500,9543.1500,315,9
16,20220225,-46.8350,4713.6850,4608.1300,188,7
16,20220228,-892.5350,2501.3950,-892.5350,184,10
16,20220301,-5303.9050,175.0300,-4673.0900,191,14
16,20220302,-145.6050,5411.7400,5411.7400,174,10
16,20220922,-624.2900,93.4200,93.4200,92,8
16,20220923,-769.2600,202.1700,202.1700,92,7
16,20220926,-1014.2900,427.6000,427.6000,135,10
16,20220927,-1760.9000,10.0200,-302.9150,146,5
16,20220928,18.7900,848.3700,848.3700,87,5
16,20220929,-673.4150,355.0900,-155.0900,116,10
16,20220930,-989.4950,470.3000,-968.2350,114,10
16,20221003,-36.1800,1577.5850,1366.3750,75,3
16,20221004,-7.1400,621.9000,620.6700,67,9
16,20221005,-530.9300,1223.2900,1223.2900,79,6
16,20221006,108.7600,904.4800,407.3900,114,7
16,20221007,-655.5200,71.6300,-600.4800,77,11
16,20221010,-228.4800,1246.3750,1152.2900,104,9
16,20221011,-2037.1750,177.9800,-1998.3950,98,16
16,20221012,-269.0600,353.5850,-269.0600,94,9
16,20221013,-409.9900,8424.9300,8399.9400,244,8
16,20221014,-1462.3200,150.3000,-1283.4400,156,9
16,20221017,-298.5900,59.9050,37.5450,67,7
16,20221018,-419.9300,1317.7650,623.8000,130,6
16,20221019,-56.0100,1290.9400,1290.9400,94,8
17,20220303,-3306.8800,-11.2400,-1582.1100,164,10
17,20220304,-1623.7950,468.8700,-954.5400,171,15
17,20220307,-4445.0550,-11.2400,-4423.7950,183,13
17,20220308,-2062.0700,4152.2100,859.9450,307,20
17,20220309,-23.7000,1885.5550,1849.5250,140,5
17,20220310,-1958.0600,299.3450,299.3450,122,11
17,20220311,-1543.3850,-168.7400,-1366.1100,139,9
17,20220314,-3001.5400,59.4250,-2613.2050,117,12
17,20220315,53.7600,2443.6900,2443.6900,119,8
17,20220316,-1463.5350,6808.7150,6808.7150,184,7
17,20220317,-214.2150,838.1800,838.1800,68,5
17,20220318,-33.7200,720.9850,412.3850,51,5
17,20220321,-1189.3500,523.3050,-715.7250,115,9
17,20220322,-78.6900,176.7200,176.7200,47,6
17,20220323,-36.2000,744.9950,562.5550,68,4
17,20220324,83.7600,829.1600,556.7000,45,4
17,20220325,-147.4800,381.8600,289.6300,88,11
17,20220328,-1117.5850,-7.4800,-1052.5750,55,10
17,20220329,47.5100,691.0250,53.7750,65,7
17,20220330,-23.7300,381.6700,324.1900,44,3
17,20220331,-18.7100,325.3400,221.6600,41,4
17,20220401,-593.7850,136.9350,-387.4150,71,7
17,20220404,-28.7400,108.8700,-13.5400,21,4
17,20220405,-11.2400,542.4150,256.2350,61,8
17,20220406,-172.2000,2508.6900,2437.4800,123,7
17,20220407,-922.6250,313.3600,313.3600,86,8
17,20220408,-11.2400,863.0500,731.8700,62,5
17,20220411,-92.2900,72.8900,-65.8200,43,4
17,20220412,-686.6300,280.7650,-686.6300,87,8
17,20220413,-11.2400,580.7650,52.3250,45,7
17,20220414,-401.9700,82.6300,-243.7050,67,11
17,20220418,-1532.3750,21.2600,-1532.3750,75,7
17,20220419,-29.8600,183.5950,53.6250,50,4
17,20220420,-47.4600,246.0050,122.4250,55,4
17,20220421,-4245.0500,42.5200,-4245.0500,120,13
17,20220422,-1713.4250,21.2600,-1703.4050,97,15
17,20220425,-1200.2150,3748.8750,3703.9150,204,13
17,20220426,-1255.3950,236.2950,-1234.1350,149,8
17,20220427,21.2600,2840.3450,582.6650,204,15
17,20220428,138.7900,5540.6050,5370.6950,132,3
18,20220303,-46.2000,3544.8300,3364.1400,164,8
18,20220304,48.8900,4054.2100,4054.2100,171,9
18,20220307,-218.1050,2431.1950,2419.9550,183,8
18,20220308,-1350.5700,4402.3550,4069.9450,307,16
18,20220309,-219.8550,871.9850,748.2750,140,13
18,20220310,-74.9700,2583.4300,603.0950,122,12
18,20220311,-8.7200,1588.8700,1537.6400,139,8
18,20220314,-38.0950,2153.0100,1108.0450,117,9
18,20220315,-2398.8300,-58.7400,-2398.8300,117,15
18,20220316,-7921.2750,486.2750,-7921.2750,185,13
18,20220317,-1193.3000,43.7800,-1190.6000,65,9
18,20220318,-886.3650,21.2600,-886.3650,51,11
18,20220321,-195.4950,1236.6800,931.7750,115,11
18,20220322,-64.9100,182.0850,11.1350,51,7
18,20220323,-141.1000,384.1700,218.8150,69,4
18,20220324,-190.4350,198.5250,-138.9150,46,8
18,20220325,-306.2200,349.6450,-162.8800,87,9
18,20220328,23.7600,859.7450,421.1750,55,9
18,20220329,-246.2000,196.0350,-243.7250,65,7
18,20220330,-43.6000,359.1900,347.9500,45,7
18,20220429,-157.9450,2635.7450,2635.7450,137,8
18,20220502,-4494.8500,666.7650,-4494.8500,265,9
18,20220503,-342.8350,1171.1900,614.8950,177,9
18,20220504,-20498.9700,25.6750,-20498.9700,228,27
18,20220505,-183.7000,5610.4700,5589.2400,299,12
18,20220506,-11.2400,4640.2800,2935.5700,307,14
18,20220509,-2291.9100,10.0200,-1275.2600,224,12
18,20220510,-2134.0400,1301.0950,16.8600,311,13
18,20220511,-76.0200,4291.2300,4291.2300,248,9
18,20220512,0.0300,4978.6200,2707.0750,270,9
18,20220513,-3439.9900,-4.3050,-3439.9900,126,17
18,20220516,-1108.8050,1182.7400,1171.5000,150,11
18,20220517,-3200.0900,310.0900,-3200.0900,116,21
18,20220518,161.2600,2638.4150,2612.1850,156,10
18,20220519,-1550.9450,798.4050,-352.4300,257,17
18,20220520,21.2600,3564.4600,356.9700,197,12
18,20220523,-697.9300,777.0650,-196.1100,139,11
18,20220524,-1335.9750,350.3200,-366.8900,186,9
18,20220525,-2470.2150,1797.7650,-2410.7500,175,10
18,20220526,-614.7500,42.5300,-419.5000,50,14
19,20220303,-545.4700,257.7500,177.2650,164,7
19,20220304,-572.0250,203.3700,-32.0400,171,14
19,20220307,-1971.4800,26.3200,-1615.0450,183,13
19,20220308,-3584.2250,1742.2050,-3128.8050,307,11
19,20220309,-23.7000,1089.4150,1005.7750,140,6
19,20220310,-608.8150,1023.0950,1023.0950,122,6
19,20220311,-363.7000,882.6100,805.1400,139,8
19,20220314,-1437.3050,59.1900,-1189.4550,117,6
19,20220315,-294.0200,565.5050,489.9200,117,9
19,20220316,-1026.1550,5681.8400,5681.8400,184,5
19,20220317,-28.7200,714.4700,714.4700,72,4
19,20220318,-33.7200,389.0500,7.3850,51,8
19,20220321,-519.5600,164.5150,-318.2250,115,5
19,20220322,-130.5150,244.8250,169.8850,51,6
19,20220323,-53.8050,439.0600,222.5650,69,6
19,20220324,-278.7100,206.6400,-130.8000,45,6
19,20220325,-306.2200,121.9300,-60.3800,87,11
19,20220328,-415.0850,126.3300,-350.0750,55,6
19,20220329,47.5100,951.1350,556.2750,65,7
19,20220330,21.2600,541.6800,530.4400,44,3
19,20220527,-250.9000,107.5600,-240.8800,37,4
19,20220531,-13.7300,1895.9200,1743.7100,121,7
19,20220601,-455.9700,1121.1700,1037.5300,128,5
19,20220602,141.8850,972.6500,663.2700,77,8
19,20220603,-316.0050,72.2150,-97.7400,101,8
19,20220606,-721.6450,736.4450,664.0350,91,5
19,20220607,-580.5700,300.0900,-559.3100,69,6
19,20220608,-32.4700,575.2900,333.4600,96,9
19,20220609,-736.4600,131.9450,-715.2000,105,12
19,20220610,21.2600,1829.9800,1829.9800,123,4
19,20220613,-353.7150,1245.8450,-353.7150,191,8
19,20220614,-802.7950,123.2750,-733.4100,159,11
19,20220615,-966.3050,6465.9650,4409.3750,250,8
19,20220616,-190.4950,811.0200,321.5500,155,12
19,20220617,-287.5150,1290.5800,1154.3700,187,7
19,20220621,0.0400,395.2800,81.1850,56,4
19,20220622,-376.0400,450.2650,450.2650,89,8
19,20220623,-182.2300,302.6100,-42.1450,98,6
19,20220624,-255.8800,52.5300,-172.1100,39,6
19,20220627,73.7600,507.2250,310.8800,88,9
20,20220303,-266.2000,1851.0600,1272.8900,164,8
20,20220304,-626.2950,2022.8900,1857.9600,171,7
20,20220307,-1102.7300,26.3200,-911.2950,183,13
20,20220308,-2273.5900,3323.1850,3017.4450,307,11
20,20220309,-376.4450,819.5250,819.5250,140,9
20,20220310,-428.0400,896.8450,896.8450,122,6
20,20220311,-19.9600,1094.4100,778.8900,139,8
20,20220314,-133.7650,628.0100,191.7950,117,12
20,20220315,-1445.7350,-58.7400,-1301.3300,117,8
20,20220316,-362.4050,4238.1000,4238.1000,185,5
20,20220317,-149.2150,539.1900,464.4700,72,7
20,20220318,-1.2200,417.2450,321.8000,55,6
20,20220321,-990.7450,81.9350,-859.4750,115,9
20,20220322,-224.2350,81.0750,78.6350,51,5
20,20220323,-114.9250,300.3500,-114.9250,70,6
20,20220324,-311.2100,178.5850,178.5850,46,4
20,20220325,-11.2400,1169.3500,779.6200,87,9
20,20220328,-28.7400,284.7450,128.7150,59,7
20,20220329,47.5100,717.2750,390.0150,64,12
20,20220330,-11.2400,281.4600,95.4500,45,6
20,20220628,-1978.0700,121.9250,-1795.1800,107,7
20,20220629,-325.1550,73.8700,-94.5650,106,7
20,20220630,-249.1850,925.3550,756.8650,124,6
20,20220701,120.0100,705.1550,655.5750,120,6
20,20220705,-263.4800,1188.4700,698.1050,123,6
20,20220706,-952.8500,101.8850,-357.5800,117,8
20,20220707,-68.6700,193.4550,193.4550,33,7
20,20220708,-659.3000,46.3300,-659.3000,70,8
20,20220711,-43.5900,383.5550,291.1150,49,4
20,20220712,-11.2400,230.6300,185.6700,67,9
20,20220713,21.2600,697.6950,57.9550,108,7
20,20220714,-778.5300,272.5700,-202.0750,105,5
20,20220715,-278.3600,35.0500,-278.3600,39,8
20,20220718,-99.8800,585.9750,141.6900,44,8
20,20220719,-244.6800,42.6500,-212.1500,35,8
20,20220720,-69.9500,469.1800,223.9450,82,7
20,20220721,-526.7150,42.5200,-375.5200,73,8
20,20220722,-282.4500,61.3400,-221.6400,86,5
20,20220725,-27.6950,393.7150,393.7150,59,4
20,20220726,41.2700,837.3150,789.8450,47,4
21,20220303,21.2600,4439.8300,4136.6400,164,8
21,20220304,106.2700,2425.4600,2425.4600,171,9
21,20220307,21.2600,3382.4450,3371.2050,183,6
21,20220308,-5875.0500,1535.2800,-3172.5550,307,17
21,20220309,-1043.6050,258.2350,134.5250,140,13
21,20220310,25.0600,2608.4300,628.0950,122,12
21,20220311,163.7600,1962.6400,1962.6400,139,8
21,20220314,-11.2400,2459.2600,1633.0450,117,9
21,20220315,-2734.4550,-58.7400,-2734.4550,117,15
21,20220316,-5863.7750,436.6400,-5863.7750,185,5
21,20220317,-985.8800,73.8600,-671.7700,73,9
21,20220318,-1068.8650,63.7800,-1068.8650,51,15
21,20220321,-462.9950,1680.8300,1533.0250,115,13
21,20220322,-32.4100,226.0750,86.1350,51,6
21,20220323,-136.1000,733.8150,733.8150,69,8
21,20220324,-594.1850,-88.7400,-542.6650,46,7
21,20220325,-147.4800,662.1450,302.1200,87,9
21,20220328,12.5200,682.2450,141.1750,55,10
21,20220329,-920.6000,-52.4900,-920.6000,65,9
21,20220330,-11.2400,532.9200,532.9200,42,3
21,20220727,-3627.4450,152.7000,-3627.4450,68,15
21,20220728,-1059.4700,-1.2200,-1059.4700,53,11
21,20220729,-420.7300,242.7000,-420.7300,52,11
21,20220801,-223.6500,853.7350,44.0950,97,17
21,20220802,-956.5350,7.0400,-4.2000,80,10
21,20220803,-1090.7800,42.5200,-1090.7800,47,20
21,20220804,-550.9900,21.2600,-292.5350,59,10
21,20220805,-11.2400,705.2300,413.2100,71,9
21,20220808,50.0100,1849.3700,1684.4200,67,5
21,20220809,8.7700,312.1950,192.3850,51,7
21,20220810,-12.4300,124.1000,26.6400,39,4
21,20220811,-237.4000,687.5350,675.0750,70,8
21,20220812,-509.8100,21.2600,-406.0300,22,8
21,20220815,-537.2300,5.0300,-537.2300,27,13
21,20220816,-514.8100,31.2800,-269.4900,51,9
21,20220817,21.2600,1060.2150,1048.9750,85,4
21,20220818,-192.3600,155.2600,-20.8300,42,6
21,20220819,-242.2600,32.6000,-27.0700,43,14
21,20220822,-226.0800,149.1400,134.1700,42,5
21,20220823,21.2600,566.7900,398.2600,76,9
22,20220303,-298.7000,3057.3300,2920.3900,164,7
22,20220304,117.5100,2765.4600,2765.4600,171,7
22,20220307,-1968.9800,-11.2400,-1545.0450,183,13
22,20220308,-3215.4750,31.2800,-2920.0550,307,10
22,20220309,-23.7000,1234.8100,1087.0250,140,6
22,20220310,-74.9700,3369.3250,3146.8450,122,5
22,20220311,-31.2000,1238.8800,1198.8900,139,8
22,20220314,-404.1950,876.7600,150.5450,117,5
22,20220315,-512.1450,418.6400,299.3150,119,10
22,20220316,-1408.4300,1287.4750,1287.4750,185,10
22,20220317,-310.3350,697.6250,697.6250,75,7
22,20220318,-43.4900,283.5950,89.8950,52,4
22,20220321,-397.9950,172.8800,-131.9750,115,9
22,20220322,-64.9100,295.4100,260.4700,47,5
22,20220323,-151.3150,349.0700,101.3150,69,7
22,20220324,-241.4150,107.2650,-241.4150,46,7
22,20220325,-309.2100,340.8550,-184.1300,87,9
22,20220328,-28.7400,1023.6050,818.6750,55,3
22,20220329,47.5100,571.7700,378.1500,65,5
22,20220330,-11.2400,435.4200,435.4200,42,3
22,20220824,-12.4600,447.2550,447.2550,38,5
22,20220825,-186.2300,217.2250,202.2950,42,4
22,20220826,-696.0800,278.3600,245.9000,90,7
22,20220829,-382.0000,308.9300,107.7350,86,8
22,20220830,-33.7200,405.6200,378.7300,123,10
22,20220831,-410.5100,98.8400,-323.9300,107,7
22,20220901,-64.9200,1139.1050,1061.6350,101,5
22,20220902,-630.0450,1754.6250,300.6950,132,8
22,20220906,85.3450,1021.2550,502.1250,150,8
22,20220907,55.0100,580.5100,326.8900,64,5
22,20220908,96.2900,3099.8300,3099.8300,108,7
22,20220909,5.0100,695.4400,620.5200,52,4
22,20220912,-21.1800,613.0900,571.3250,70,4
22,20220913,-236.5350,955.1950,955.1950,82,10
22,20220914,21.2600,612.3050,457.1900,94,4
22,20220915,-908.8650,545.0850,212.3800,113,9
22,20220916,-419.7500,42.5200,-169.7250,90,7
22,20220919,-307.3900,543.9450,405.2250,85,4
22,20220920,-198.0400,228.0100,-198.0400,71,5
22,20220921,-2220.7200,1431.8550,-2178.2000,180,13
23,20220303,-298.7000,3367.8600,3324.1400,164,7
23,20220304,-619.2050,1427.0350,1024.2100,171,10
23,20220307,-1776.4800,-11.2400,-1653.7950,183,8
23,20220308,-4150.2450,31.2800,-3908.8050,307,10
23,20220309,8.8000,1383.1650,1332.0250,140,6
23,20220310,-74.9700,3291.8250,3069.3450,122,5
23,20220311,-19.9600,815.1100,812.6400,139,9
23,20220314,-692.9350,664.2600,71.7950,117,5
23,20220315,-461.5200,501.7650,382.4400,119,8
23,20220316,-1083.6550,5033.0900,5033.0900,184,5
23,20220317,-592.8450,406.3250,406.3250,70,7
23,20220318,-153.8650,158.5750,-132.6050,52,7
23,20220321,-228.7200,561.7750,561.7750,115,5
23,20220322,-64.9100,119.1600,84.2200,47,5
23,20220323,-117.5750,382.8100,135.0550,68,7
23,20220324,-278.7100,83.5250,-253.9150,46,6
23,20220325,-306.2200,389.6450,-157.8800,87,10
23,20220328,-28.7400,703.5850,436.1750,55,3
23,20220329,47.5100,768.0100,373.1500,65,7
23,20220330,-11.2400,367.9400,367.9400,44,3
23,20220922,-466.6400,0.8150,-435.3300,92,8
23,20220923,-49.4600,887.1700,887.1700,92,8
23,20220926,-729.8600,837.6000,837.6000,135,11
23,20220927,-1001.1100,691.6000,315.8350,146,8
23,20220928,-324.4600,188.9500,-184.1300,87,10
23,20220929,-772.2350,322.5900,-348.8400,116,9
23,20220930,-666.9950,309.0300,-645.7350,114,7
23,20221003,-21.1800,874.9750,595.1250,75,6
23,20221004,-4.9900,299.2700,188.1700,67,4
23,20221005,-359.6700,345.1100,-170.4600,79,8
23,20221006,108.7600,1492.2100,1404.8900,114,6
23,20221007,-523.5900,144.4800,99.5200,77,5
23,20221010,-159.9500,1323.9550,1254.7900,104,5
23,20221011,-1505.9050,152.5800,-1493.3950,98,12
23,20221012,-44.9600,437.3950,-6.5600,94,7
23,20221013,405.0100,6441.0600,6281.1900,244,8
23,20221014,-293.5800,1101.1150,575.3100,156,7
23,20221017,-452.2700,22.5800,-349.9550,67,7
23,20221018,-449.9300,736.3250,656.3000,130,10
23,20221019,-191.1500,896.0650,463.4400,94,11
24,20220331,-18.7100,207.7200,66.0650,44,6
24,20220401,-627.9050,64.4250,-283.7150,66,8
24,20220404,-23.5600,81.3300,7.7200,22,3
24,20220405,-123.7650,187.0150,-123.7650,61,6
24,20220406,-188.5500,2246.1900,2174.9800,123,7
24,20220407,-495.2250,1255.8600,1255.8600,86,8
24,20220408,-11.2400,583.4150,169.3700,62,5
24,20220411,-203.3400,68.8400,-182.0800,42,6
24,20220412,-1562.2450,280.7650,-1562.2450,88,11
24,20220413,-11.2400,673.3150,429.8250,45,5
24,20220414,-61.5750,142.5050,30.0450,67,5
24,20220418,-999.8750,-11.2400,-999.8750,75,8
24,20220419,25.0100,401.1050,271.1350,51,4
24,20220420,-260.0850,223.4450,-190.0650,56,6
24,20220421,-4078.8100,-11.2400,-4078.8100,119,13
24,20220422,-2000.9250,21.2600,-1990.9050,97,8
24,20220425,-1200.2150,4115.1250,4070.1650,204,13
24,20220426,-1460.3950,107.4950,-1439.1350,149,8
24,20220427,21.2600,2557.1000,293.9150,204,15
24,20220428,138.7900,4140.6250,3960.6950,132,5
24,20220429,-3474.2950,314.5550,-3454.2550,137,15
24,20220502,-5630.2200,-11.2400,-474.8500,265,11
24,20220503,-33.7200,1819.8800,1671.1450,177,8
24,20220504,-43.0850,22429.7800,22429.7800,228,6
24,20220505,-4675.7800,21.2600,-4664.5100,299,11
24,20220506,-2521.0000,1989.0100,-750.6800,307,14
24,20220509,-1114.0100,1115.1750,-1114.0100,224,14
24,20220510,-2631.9650,2510.9900,813.1100,311,10
24,20220511,-5483.7700,147.6100,-5483.7700,248,12
24,20220512,-6235.2000,333.3150,-3817.9250,270,11
24,20220513,-1027.9200,1375.0100,1375.0100,126,10
24,20220516,-118.0350,3068.7300,2609.0000,150,6
24,20220517,-44.9600,3976.1600,3976.1600,116,4
24,20220518,-4381.5850,-166.2400,-4350.3150,156,11
24,20220519,20.0100,6614.0550,5581.3200,257,10
24,20220520,-4106.5900,-11.2400,-1546.7800,197,19
24,20220523,130.0100,2413.5950,2245.1400,139,7
24,20220524,-17.4500,4663.1100,4663.1100,186,13
24,20220525,-1067.1000,4307.3050,4276.7500,175,8
24,20220526,21.2600,402.9700,346.7500,50,7
25,20220331,-18.7100,392.2450,288.5650,44,4
25,20220401,-552.9250,146.9450,-178.7150,66,10
25,20220404,-34.9300,90.1300,0.2200,22,4
25,20220405,-468.7650,170.0900,-468.7650,61,6
25,20220406,-204.7000,2398.6900,2327.4800,123,7
25,20220407,-525.1950,887.1100,887.1100,86,8
25,20220408,-11.2400,617.2650,566.8700,62,3
25,20220411,-158.3400,68.8400,-137.0800,42,6
25,20220412,-1397.2450,313.2650,-1397.2450,88,11
25,20220413,-11.2400,640.8150,404.8250,45,4
25,20220414,-12.4800,282.5050,170.0450,67,4
25,20220418,-1264.8750,-11.2400,-1264.8750,75,5
25,20220419,13.8800,451.1050,321.1350,51,3
25,20220420,-180.0850,239.7350,-110.0650,56,7
25,20220421,-4298.7900,-1.2200,-4298.7900,121,13
25,20220422,-1365.9950,112.5200,-1263.4050,97,8
25,20220425,-935.2050,4142.6250,4097.6650,204,13
25,20220426,-1416.6450,107.5450,-1395.3850,149,8
25,20220427,-458.5850,1857.1000,-458.5850,204,15
25,20220428,138.7900,3459.3550,3289.4450,132,3
25,20220527,-118.0150,157.7900,44.1200,37,5
25,20220531,-46.2300,1481.4350,341.2100,121,5
25,20220601,-903.9350,1150.0200,1093.7800,128,6
25,20220602,141.8850,2767.0200,2767.0200,77,5
25,20220603,-386.0800,209.7600,209.7600,101,8
25,20220606,-1035.3750,-11.2400,-714.7150,91,10
25,20220607,-9.7800,761.9400,761.9400,69,5
25,20220608,-701.0650,193.3050,-336.5400,96,9
25,20220609,-506.4500,380.8400,-506.4500,105,8
25,20220610,-526.5950,1001.1600,759.9800,123,8
25,20220613,-809.9650,1813.9050,-809.9650,191,10
25,20220614,-704.1050,445.3750,-492.1600,159,12
25,20220615,-660.7200,10733.1800,10205.6350,251,7
25,20220616,-868.7000,811.4050,-458.4500,155,12
25,20220617,-33.7200,2504.1000,1955.6200,187,7
25,20220621,-59.9300,483.4950,319.9350,56,4
25,20220622,-491.0100,343.9850,185.2650,89,6
25,20220623,-1403.8850,25.0500,-527.1450,98,11
25,20220624,-52.7450,171.3900,9.7650,39,8
25,20220627,73.7600,422.0550,238.3800,88,7
26,20220331,-117.3700,165.9950,94.8150,44,5
26,20220401,-722.5950,136.9350,-527.4650,66,14
26,20220404,-28.7400,190.1800,151.4900,24,2
26,20220405,-541.2650,137.5900,-541.2650,61,7
26,20220406,-117.3700,2693.6900,2622.4800,123,7
26,20220407,-507.7250,1275.8600,1275.8600,86,8
26,20220408,-11.2400,671.8500,581.8700,62,5
26,20220411,-23.7300,189.1500,61.6800,43,3
26,20220412,-1322.2450,280.7650,-1322.2450,88,9
26,20220413,-11.2400,687.0550,444.8250,45,5
26,20220414,-425.7300,82.6300,-309.9850,64,10
26,20220418,-1719.8750,21.2600,-1719.8750,75,11
26,20220419,23.9000,193.6050,96.1350,51,4
26,20220420,-113.5600,286.0150,227.4350,56,4
26,20220421,-4551.3100,-11.2400,-4551.3100,119,13
26,20220422,-2063.4950,21.2600,-1960.9050,97,10
26,20220425,-1200.2150,4180.1250,4135.1650,204,13
26,20220426,-1287.8950,236.2950,-1266.6350,149,8
26,20220427,21.2600,2760.8500,497.6650,204,15
26,20220428,138.7900,5424.3850,5255.6950,132,4
26,20220628,-3112.6800,-115.6050,-3112.6800,107,18
26,20220629,-1006.2250,30.0900,-690.8150,106,9
26,20220630,-11.2400,2658.9150,984.3650,124,7
26,20220701,120.0100,1951.8250,1951.8250,120,8
26,20220705,-290.4850,3385.5850,3363.1050,123,8
26,20220706,-648.4200,2232.9550,2152.4200,117,6
26,20220707,-11.2400,259.6350,187.2050,33,5
26,20220708,-464.7300,212.0050,-350.5500,70,6
26,20220711,-47.2400,343.5350,184.8650,49,5
26,20220712,-11.2400,761.8800,716.9200,67,6
26,20220713,-175.2850,1291.6350,992.9550,108,9
26,20220714,-22.4800,2955.4250,2955.4250,105,4
26,20220715,-58.5000,93.8700,-22.1100,39,6
26,20220718,-1143.2800,83.8900,-1122.0200,48,12
26,20220719,-123.5600,132.6300,-79.6600,34,6
26,20220720,40.0500,1002.6950,1002.6950,82,10
26,20220721,21.2600,1340.7300,1340.7300,73,3
26,20220722,-1352.3050,-89.9800,-1181.6400,86,13
26,20220725,-22.4800,427.1450,253.7150,59,4
26,20220726,-57.4900,140.0500,22.3450,47,6
27,20220331,-12.4700,377.2450,241.0650,44,6
27,20220401,-8.1150,1008.7850,1008.7850,66,4
27,20220404,-241.0400,-28.7400,-234.7800,22,10
27,20220405,-38.7100,738.6650,452.4850,61,5
27,20220406,-192.1800,2331.1900,2259.9800,123,5
27,20220407,-107.6250,1395.8600,1395.8600,86,5
27,20220408,-586.8800,21.2600,-586.8800,62,8
27,20220411,-113.3400,46.6300,-92.0800,42,5
27,20220412,-970.9950,367.1450,-970.9950,88,9
27,20220413,-631.4250,21.2600,-631.4250,45,5
27,20220414,-48.6900,786.2550,673.7950,67,4
27,20220418,-11.2400,1158.5950,206.3750,75,8
27,20220419,-82.7750,178.6050,48.6350,51,5
27,20220420,-11.2400,372.2450,124.9350,56,6
27,20220421,-652.5500,2001.6400,-652.5500,120,13
27,20220422,-11.2400,1451.6200,1104.0950,97,8
27,20220425,21.2600,4871.3750,4826.4150,204,9
27,20220426,-1515.3950,245.3300,-1494.1350,149,8
27,20220427,-822.3350,1440.8500,-822.3350,204,15
27,20220428,-652.8250,1704.3950,1546.9450,132,13
27,20220727,-96.1900,3914.4400,3914.4400,69,5
27,20220728,-859.4700,31.2800,-859.4700,53,6
27,20220729,-160.7300,242.7000,-160.7300,52,5
27,20220801,-340.0850,614.0750,591.5950,97,10
27,20220802,-795.2850,4.4050,-742.9500,80,11
27,20220803,-573.2800,42.5200,-573.2800,47,9
27,20220804,-539.7500,21.2600,-323.7850,59,9
27,20220805,-11.2400,724.0900,668.2100,71,6
27,20220808,50.0100,1671.9200,1671.9200,67,4
27,20220809,-50.4650,184.6950,82.3850,51,7
27,20220810,-119.9300,182.8800,182.8800,38,7
27,20220811,91.2700,1382.5650,1361.3250,70,4
27,20220812,-544.8100,21.2600,-448.5200,23,10
27,20220815,-517.2700,27.5300,-504.7200,28,16
27,20220816,-746.0000,31.2800,-128.2300,52,16
27,20220817,21.2600,846.2250,122.7250,85,8
27,20220818,-279.8600,41.5200,-57.0700,43,6
27,20220819,-99.1250,179.7950,179.7950,42,9
27,20220822,-402.1400,-33.7400,-320.8300,42,5
27,20220823,21.2600,524.2800,425.7600,76,6
28,20220331,-14.9900,569.7850,548.5650,44,1
28,20220401,-28.1050,475.0350,475.0350,66,5
28,20220404,-58.6500,61.4700,61.4700,22,4
28,20220405,-11.2400,808.6650,522.4850,61,3
28,20220406,-230.8800,2177.4400,2106.2300,123,5
28,20220407,-181.1700,1409.6100,1409.6100,86,8
28,20220408,-11.2400,575.6100,564.3700,62,4
28,20220411,-152.0900,10.0500,-130.8300,42,4
28,20220412,-1217.2450,340.8950,-1217.2450,88,13
28,20220413,-11.2400,491.9850,159.8250,45,6
28,20220414,-12.4800,428.3950,268.7950,67,10
28,20220418,-779.8750,247.1850,-779.8750,75,4
28,20220419,-16.0500,268.6050,138.6350,51,5
28,20220420,-47.4600,391.0150,279.9350,56,3
28,20220421,-1885.0500,736.6400,-1885.0500,120,13
28,20220422,-388.5800,540.4400,-133.4050,97,8
28,20220425,-919.3300,3386.3750,3341.4150,204,10
28,20220426,-1041.6450,42.5200,-1020.3850,149,8
28,20220427,-893.5850,1397.1000,-893.5850,204,15
28,20220428,-265.8600,2465.6450,2308.1950,132,7
28,20220824,-12.4600,198.9900,173.5350,41,4
28,20220825,92.5100,887.2950,887.2950,42,2
28,20220826,-619.8400,563.3600,200.9000,90,6
28,20220829,-337.1500,385.1750,305.2350,86,13
28,20220830,-129.1100,501.2300,501.2300,123,9
28,20220831,-858.9900,98.8400,-621.4300,107,6
28,20220901,-213.3800,951.6350,951.6350,101,11
28,20220902,-2127.5450,1482.1150,-1879.3050,132,9
28,20220906,146.2600,1820.6450,1742.1250,150,6
28,20220907,55.0100,663.0100,589.3900,64,6
28,20220908,97.5100,2712.3300,2712.3300,108,6
28,20220909,-17.4700,758.0300,758.0300,53,2
28,20220912,-6.1800,674.4500,674.4500,70,6
28,20220913,-967.3050,62.9900,-967.3050,82,6
28,20220914,21.2600,829.3400,423.4400,94,6
28,20220915,-563.8650,890.0850,-105.1200,113,11
28,20220916,-427.2500,650.2750,650.2750,90,7
28,20220919,-307.3900,1357.7250,1357.7250,85,5
28,20220920,-13.4900,909.4600,909.4600,71,3
28,20220921,-3121.9500,3561.8050,-3079.4300,182,10
29,20220331,-14.9900,473.4850,358.5650,44,4
29,20220401,-28.1050,653.5050,630.0350,66,5
29,20220404,-83.6500,23.7600,5.2200,22,4
29,20220405,-11.2400,853.6650,567.4850,61,3
29,20220406,-193.3800,2478.6900,2407.4800,123,5
29,20220407,-181.1700,1719.6100,1719.6100,86,8
29,20220408,-11.2400,525.9150,456.8700,62,5
29,20220411,-69.8300,120.3800,-18.3300,42,4
29,20220412,-1182.2450,340.8950,-1182.2450,88,13
29,20220413,-11.2400,459.4850,204.8250,45,6
29,20220414,-12.4800,500.0050,387.5450,67,9
29,20220418,-552.3750,334.8450,-552.3750,75,4
29,20220419,-16.0500,301.1050,171.1350,51,5
29,20220420,-47.4600,391.0150,257.4350,56,4
29,20220421,-1687.5500,966.6400,-1687.5500,120,13
29,20220422,-576.0800,385.4400,-170.9050,97,8
29,20220425,-1154.3300,3476.3750,3431.4150,204,11
29,20220426,-1489.1450,42.5200,-1467.8850,149,8
29,20220427,-768.5850,1522.1000,-768.5850,204,15
29,20220428,-265.8600,2465.6450,2308.1950,132,7
29,20220922,-254.1350,417.1700,417.1700,92,7
29,20220923,-244.2600,695.2000,694.6700,92,7
29,20220926,-1036.7900,405.1000,405.1000,135,11
29,20220927,-1033.6100,1009.4950,832.0850,146,10
29,20220928,-195.9500,281.4400,155.8700,87,8
29,20220929,-1102.7200,333.8300,-680.0900,116,10
29,20220930,-1151.9950,566.5600,-1130.7350,114,14
29,20221003,-36.1800,798.7250,383.8750,75,5
29,20221004,-15.2750,646.2650,645.0350,66,8
29,20221005,-589.6700,628.2900,628.2900,79,11
29,20221006,108.7600,1422.1000,1324.8900,114,7
29,20221007,-580.9000,-2.4500,-499.2300,77,11
29,20221010,-239.7200,1251.3750,1157.2900,104,9
29,20221011,-1962.1750,298.9000,-1923.3950,98,16
29,20221012,-419.0600,203.5850,-419.0600,94,9
29,20221013,405.0100,7629.7050,7404.9400,244,16
29,20221014,-356.0300,1470.9300,1000.3100,156,8
29,20221017,-452.2700,43.8400,-319.9550,67,7
29,20221018,-749.9300,1020.2650,513.8000,130,5
29,20221019,-223.6500,638.3700,573.4400,94,8
30,20220429,-1236.1800,374.5000,-1039.2550,137,16
30,20220502,-4417.7100,-11.2400,-999.8500,265,10
30,20220503,-33.7200,1418.6300,1209.8950,177,7
30,20220504,-886.0550,5582.3950,4122.2800,228,7
30,20220505,-977.5800,1216.1650,-783.2600,299,12
30,20220506,-2150.9900,1980.3500,-336.9300,307,8
30,20220509,-474.0100,959.7400,-474.0100,224,7
30,20220510,-1539.1050,4007.7100,2831.8600,311,10
30,20220511,-1851.2700,680.9700,-1851.2700,248,13
30,20220512,-5202.6200,602.1850,-3191.6750,270,13
30,20220513,-2241.9450,121.4100,-1962.4900,126,9
30,20220516,-118.0350,2515.8050,2272.7500,150,6
30,20220517,-44.9600,1546.0500,1529.9100,116,4
30,20220518,-2870.3350,-166.2400,-2839.0650,156,10
30,20220519,20.0100,4221.6250,3528.8200,257,10
30,20220520,-1146.5050,1253.2200,1253.2200,197,15
30,20220523,130.0100,1252.1250,758.8900,139,7
30,20220524,-17.4500,3279.3600,3279.3600,186,13
30,20220525,-328.4600,1400.5950,1156.7500,175,8
30,20220526,-20.3150,383.8900,146.7500,50,9
30,20220527,-314.2350,107.5600,-268.3800,37,6
30,20220531,-46.2300,1478.4200,1174.9600,121,6
30,20220601,-451.1300,1069.9300,997.5300,128,5
30,20220602,124.2000,907.6500,792.0200,77,6
30,20220603,-546.0350,-5.2850,-412.7400,101,8
30,20220606,-483.6600,1018.2400,804.0350,91,9
30,20220607,-246.4850,132.5900,24.4400,69,5
30,20220608,-17.4700,682.7900,544.7100,96,15
30,20220609,-781.4500,21.2600,-781.4500,105,8
30,20220610,-471.7350,1208.6600,967.4800,123,7
30,20220613,-1707.4650,988.9050,-1707.4650,191,13
30,20220614,-86.6050,1062.8750,125.3400,159,12
30,20220615,-943.8250,8743.8950,8439.3850,251,7
30,20220616,-1492.4500,252.6550,-1082.2000,155,15
30,20220617,-33.7200,2147.8500,1599.3700,187,5
30,20220621,-123.8650,202.7800,-92.5650,56,5
30,20220622,-377.3100,339.0150,339.0150,89,6
30,20220623,-409.7300,481.5450,282.8550,98,5
30,20220624,-106.5050,110.0600,-22.7350,39,5
30,20220627,73.7600,747.0600,607.1300,88,7
31,20220429,-1284.2950,682.0900,-1264.2550,137,14
31,20220502,-1758.9600,1591.6550,1040.1500,265,11
31,20220503,-90.4650,1721.1300,1034.8950,177,7
31,20220504,-923.6250,18707.2800,18707.2800,228,8
31,20220505,-144.9600,4275.7400,3462.9900,299,7
31,20220506,-1135.2050,1996.5100,-439.4300,307,8
31,20220509,-1039.0100,990.2250,-1039.0100,224,14
31,20220510,-889.1650,3711.4500,2695.6100,311,9
31,20220511,-2567.5200,319.4200,-2567.5200,248,9
31,20220512,-3991.3700,755.9350,-2237.9250,270,11
31,20220513,-3252.5300,51.9050,-3167.4900,126,15
31,20220516,-40.5050,2734.5750,2514.0000,150,6
31,20220517,-166.4950,2719.8000,2638.6600,116,6
31,20220518,-1492.8350,54.5250,-1461.5650,156,11
31,20220519,-1707.7600,1589.6350,-217.4300,257,15
31,20220520,-1942.8400,-11.2400,-173.0300,197,15
31,20220523,-351.6800,765.8250,208.8900,139,8
31,20220524,-1163.4750,1759.3600,1759.3600,186,13
31,20220525,-101.1700,4623.5250,4583.0000,175,6
31,20220526,-527.2700,63.7900,-295.7600,49,9
31,20220628,-865.5150,-94.3450,-750.1800,107,6
31,20220629,-49.9600,938.9050,852.9350,106,5
31,20220630,-168.4950,519.6850,214.3650,124,6
31,20220701,-124.9900,1708.0750,1708.0750,120,5
31,20220705,-858.1800,499.7400,198.1050,123,9
31,20220706,-213.1400,487.0800,349.9200,117,9
31,20220707,-160.3050,53.8200,-139.0450,33,7
31,20220708,-1.2200,1077.3550,713.2000,70,6
31,20220711,-155.9200,177.3050,84.8650,49,5
31,20220712,-11.2400,751.8800,706.9200,67,6
31,20220713,-228.2950,440.6400,-228.2950,108,7
31,20220714,-865.9800,810.3850,789.1750,105,9
31,20220715,21.2600,310.2000,111.6400,39,8
31,20220718,-390.7800,350.2400,-369.5200,48,8
31,20220719,-277.7850,147.6200,-257.7750,35,9
31,20220720,-96.0900,490.0350,355.1950,82,8
31,20220721,-859.5900,42.5200,-741.7700,73,14
31,20220722,-282.4500,761.3750,567.1100,86,5
31,20220725,10.0200,427.4650,427.4650,59,4
31,20220726,-57.4900,737.3150,689.8450,47,3
32,20220429,-51.6950,3469.4950,3469.4950,137,4
32,20220502,-5016.1000,1130.3950,-5016.1000,265,9
32,20220503,-802.8050,1162.5400,657.3950,177,9
32,20220504,-21395.2200,53.1650,-21395.2200,228,27
32,20220505,-11.2400,9309.2200,9287.9900,299,7
32,20220506,21.2600,6096.5300,4391.8200,307,14
32,20220509,-2276.8250,130.4800,-939.0100,224,14
32,20220510,25.6550,4406.1550,2479.3600,311,14
32,20220511,-1500.7400,1356.4050,1148.7300,248,9
32,20220512,-262.9350,5291.1200,3019.5750,270,9
32,20220513,-2096.2400,85.8300,-2096.2400,126,16
32,20220516,-892.5550,728.9900,717.7500,150,11
32,20220517,-3553.8400,354.4550,-3553.8400,116,20
32,20220518,161.2600,3005.9150,2979.6850,156,7
32,20220519,-6483.4450,305.1300,-5284.9300,257,17
32,20220520,-1221.7800,1765.6800,-1221.7800,197,12
32,20220523,-2220.0900,-124.9700,-1972.3600,139,12
32,20220524,-3451.8900,41.3900,-3451.8900,186,14
32,20220525,-3750.2150,1335.7300,-3690.7500,175,10
32,20220526,-699.7700,-11.2400,-623.2500,50,9
32,20220727,-3840.5700,21.2600,-3840.5700,68,15
32,20220728,-624.4700,2.5500,-624.4700,53,9
32,20220729,-388.2300,242.7000,-388.2300,52,6
32,20220801,-708.4250,392.3250,-665.9050,97,17
32,20220802,-967.7750,20.7900,9.5500,80,11
32,20220803,-908.2800,42.5200,-908.2800,47,11
32,20220804,-550.9900,21.2600,-350.0350,59,10
32,20220805,-11.2400,705.2300,445.7100,71,9
32,20220808,50.0100,1749.3700,1584.4200,67,5
32,20220809,8.7700,344.6950,224.8850,51,7
32,20220810,-69.6200,115.2100,-69.6200,38,4
32,20220811,-258.6600,790.0350,777.5750,70,4
32,20220812,-371.0600,21.2600,-259.7700,23,10
32,20220815,-494.7200,5.0300,-494.7200,28,9
32,20220816,-632.3100,31.2800,-421.9900,51,9
32,20220817,-9.9700,958.9650,947.7250,85,4
32,20220818,-279.8600,41.5200,-242.0700,43,11
32,20220819,-279.1050,32.6000,-65.2050,42,9
32,20220822,-163.5800,264.1700,264.1700,42,5
32,20220823,21.2600,625.6500,555.7600,76,6
33,20220429,-22.4800,1314.5000,225.7450,137,15
33,20220502,-5049.8600,-11.2400,-5028.6000,265,10
33,20220503,-344.0650,1579.6750,1348.6450,177,11
33,20220504,-3083.9700,2949.8950,-3083.9700,228,15
33,20220505,-492.8250,6012.9000,5939.2400,299,10
33,20220506,-11.2400,4186.5750,2275.5700,307,9
33,20220509,-1987.7600,286.8900,-1987.7600,224,12
33,20220510,-1539.1050,385.0950,123.1100,311,10
33,20220511,-2047.2100,569.5100,-1091.2700,248,11
33,20220512,9.6550,2625.0900,528.3250,270,12
33,20220513,-2533.7400,94.4850,-2533.7400,126,13
33,20220516,-967.5550,1071.4900,1060.2500,150,8
33,20220517,-44.9600,1377.2800,1064.9100,116,18
33,20220518,-974.4550,256.7600,-762.8150,156,11
33,20220519,20.0100,3277.8800,2973.8200,257,17
33,20220520,-873.5800,1315.6400,391.9700,197,12
33,20220523,-285.4300,1210.8250,490.1400,139,11
33,20220524,-1123.4750,638.3650,-480.6400,186,13
33,20220525,-480.9700,2146.1300,-165.7500,175,8
33,20220526,-472.2700,140.0500,-313.2500,50,12
33,20220824,-12.4600,539.0300,516.0350,41,4
33,20220825,-226.8350,198.5550,198.5550,43,3
33,20220826,-684.8400,965.8600,933.4000,90,6
33,20220829,-659.5000,308.9300,-232.2650,86,13
33,20220830,-33.7200,588.1200,458.7300,123,10
33,20220831,-475.5100,98.8400,-221.4300,107,7
33,20220901,-105.9500,1124.1050,1046.6350,101,5
33,20220902,-1675.0450,1689.6250,-461.8050,132,8
33,20220906,146.2600,2436.3950,2149.6250,150,11
33,20220907,-14.7000,611.8300,526.8900,64,5
33,20220908,97.5100,3272.3300,3272.3300,108,13
33,20220909,5.0100,737.3950,726.1550,53,3
33,20220912,-53.6800,1019.4500,1019.4500,70,3
33,20220913,-846.6400,-11.2400,-846.6400,86,8
33,20220914,-272.2350,581.6200,-190.3100,94,13
33,20220915,-533.8650,990.7600,-98.8700,113,9
33,20220916,-419.7500,199.3300,-209.7250,90,7
33,20220919,-307.3900,220.2500,73.9750,85,5
33,20220920,-508.0400,198.0100,-508.0400,71,4
33,20220921,-492.3650,3408.4050,2891.8400,184,10
34,20220429,-22.4800,1662.0000,413.2450,137,15
34,20220502,-5136.1100,-11.2400,-5114.8500,265,10
34,20220503,-344.0650,1161.1900,1022.3950,177,9
34,20220504,-8846.4700,1462.5500,-8846.4700,228,15
34,20220505,-470.4150,7002.9000,6929.2400,299,10
34,20220506,-11.2400,4103.0050,2508.0700,307,8
34,20220509,-1676.5100,340.6500,-1676.5100,224,11
34,20220510,-1539.1050,1171.8500,1160.6100,311,10
34,20220511,-2427.0350,745.7700,-1668.7700,248,12
34,20220512,9.6550,3027.0600,1092.0750,270,8
34,20220513,-3000.6550,70.7250,-3000.6550,122,14
34,20220516,-682.5550,1991.4900,1980.2500,150,8
34,20220517,-513.4850,636.4000,-71.3400,116,20
34,20220518,-878.0050,429.2600,-342.8150,156,11
34,20220519,20.0100,3787.5600,3776.3200,257,17
34,20220520,-873.5800,1765.6400,163.2200,197,12
34,20220523,-252.9300,1210.8250,450.1400,139,11
34,20220524,-1188.4750,816.5300,-43.1400,186,13
34,20220525,-1553.4700,1561.1400,-1293.2500,175,8
34,20220526,-490.3150,140.0500,-323.2500,50,12
34,20220922,-741.6400,-11.2400,-710.3300,92,7
34,20220923,-31.2000,1211.7200,602.1700,92,7
34,20220926,-954.8600,862.9950,576.3500,135,11
34,20220927,-1033.6100,2094.5750,2088.3350,146,5
34,20220928,-677.9100,138.8900,-571.6300,87,8
34,20220929,-738.8600,322.5900,-622.5900,116,12
34,20220930,-177.3300,1111.8700,408.0150,114,11
34,20221003,-36.1800,963.7250,878.8750,75,5
34,20221004,-70.2750,458.6850,420.0350,66,8
34,20221005,-709.6700,447.6100,-586.7100,79,11
34,20221006,108.7600,1436.9900,1339.8900,114,7
34,20221007,-523.5900,348.2300,335.7700,77,5
34,20221010,-239.7200,1220.1450,829.7900,104,8
34,20221011,-1652.3650,185.0800,-573.3950,98,14
34,20221012,-44.9600,898.4400,898.4400,94,4
34,20221013,405.0100,5800.8750,2902.4400,244,18
34,20221014,-293.5800,1867.6450,1417.8100,156,7
34,20221017,-484.7700,22.5800,-339.9550,67,7
34,20221018,-1260.1650,-172.4900,-992.4500,130,10
34,20221019,-223.6500,1068.3900,1025.9400,94,8
35,20220527,-638.4200,21.2600,-513.3800,37,8
35,20220531,-1959.2500,30.7050,-1163.7900,121,12
35,20220601,-97.4600,1634.7300,1476.2800,128,6
35,20220602,-1977.0400,-45.5450,-1490.4800,77,12
35,20220603,-549.7550,203.9200,-436.4900,101,8
35,20220606,21.2600,2554.0350,2554.0350,91,3
35,20220607,-22.4800,845.8850,191.9400,69,6
35,20220608,-118.0050,970.9100,920.9600,96,8
35,20220609,-150.6300,627.2400,-135.2000,105,7
35,20220610,-11.2400,1544.9100,1303.7300,123,5
35,20220613,-1956.2150,118.2450,-1956.2150,191,14
35,20220614,-11.2400,1839.1250,1199.0900,159,11
35,20220615,-961.3350,10264.4300,9736.8850,251,8
35,20220616,-546.8450,396.5750,-107.2000,155,7
35,20220617,-446.5750,719.7650,361.8700,187,6
35,20220621,-90.1250,412.7100,-37.5650,56,8
35,20220622,-16.2400,714.1200,205.2650,89,5
35,20220623,-11.2400,1926.4250,1921.6050,98,5
35,20220624,-412.7550,63.8000,-318.9850,39,13
35,20220627,-144.1950,418.5350,159.6300,88,7
35,20220628,-694.2950,834.3000,489.8200,107,6
35,20220629,-17.4600,1251.4050,1167.9350,106,3
35,20220630,-1540.5000,408.8100,-580.6350,124,11
35,20220701,-124.9900,558.0750,558.0750,120,6
35,20220705,-1318.1800,208.2650,-821.8950,123,12
35,20220706,-34.3800,875.9100,664.9200,117,7
35,20220707,-60.4450,37.1450,25.9050,28,3
35,20220708,21.2600,1068.6550,706.9500,70,9
35,20220711,-137.2000,216.0650,102.3650,49,5
35,20220712,-36.1300,636.8800,591.9200,67,6
35,20220713,-285.7950,390.9650,-285.7950,108,6
35,20220714,-1098.4800,42.5200,-440.8250,105,8
35,20220715,21.2600,342.7000,144.1400,39,8
35,20220718,-202.2200,248.5350,-173.2700,48,6
35,20220719,-207.7850,201.3800,-157.7150,41,10
35,20220720,-149.8500,403.0800,290.1950,82,8
35,20220721,-1524.9950,21.2600,-1339.2700,73,15
35,20220722,-249.9500,881.3750,742.1100,86,7
35,20220725,-321.4450,27.4650,27.4650,59,4
35,20220726,41.2700,706.0650,658.5950,47,5
36,20220527,-528.4900,21.2600,-380.8800,37,8
36,20220531,-1443.0600,30.7150,-1078.7900,121,12
36,20220601,10.0200,2780.0200,2723.7800,128,5
36,20220602,-1722.0800,-136.8450,-1462.9800,77,14
36,20220603,-327.7050,391.4200,-61.4900,101,11
36,20220606,21.2600,2145.7400,1896.5350,91,8
36,20220607,-22.4800,1060.6400,1001.9400,69,5
36,20220608,-46.1900,872.7900,762.2100,96,9
36,20220609,-322.7000,439.7400,-322.7000,105,10
36,20220610,-18.7100,1722.4100,1481.2300,123,4
36,20220613,-3667.4650,83.2350,-3667.4650,191,14
36,20220614,-77.9850,1514.1250,714.0900,159,13
36,20220615,-970.0750,10211.9300,9684.3850,251,7
36,20220616,-429.9500,768.4600,-19.7000,155,12
36,20220617,-1016.5750,894.7450,433.1200,187,7
36,20220621,-4.9600,412.7100,152.4350,56,5
36,20220622,-27.4800,582.7550,516.5150,89,7
36,20220623,-11.2400,2166.5950,2060.3550,98,6
36,20220624,-515.2650,42.5200,-410.2350,39,16
36,20220627,-152.9450,559.5500,440.8800,88,7
36,20220727,-107.4300,2905.0650,2905.0650,69,6
36,20220728,-929.4700,-1.2200,-929.4700,53,8
36,20220729,-420.7300,177.7000,-420.7300,52,6
36,20220801,-223.6500,840.3350,829.0950,97,10
36,20220802,-839.0350,40.0100,-511.7000,80,12
36,20220803,-983.2800,42.5200,-983.2800,47,9
36,20220804,-373.4900,25.0200,-135.0350,59,10
36,20220805,-11.2400,705.2300,253.2100,71,9
36,20220808,50.0100,1751.9200,1751.9200,67,4
36,20220809,8.7700,329.6950,259.8850,51,5
36,20220810,-12.4300,250.3400,152.8800,38,4
36,20220811,-269.9000,277.5350,265.0750,70,8
36,20220812,-223.5600,108.7900,-112.2700,23,10
36,20220815,-519.7400,5.0300,-514.7200,28,13
36,20220816,-664.8100,31.2800,-36.9900,51,16
36,20220817,21.2600,731.3150,420.2250,85,7
36,20220818,-279.8600,41.5200,-74.5700,43,6
36,20220819,-279.1050,32.6000,-75.2050,42,9
36,20220822,-163.5800,116.6400,106.6700,42,5
36,20220823,21.2600,569.3500,500.7600,76,5
37,20220527,-292.1700,183.2050,-167.1300,37,8
37,20220531,-491.2250,368.4200,-81.2900,121,10
37,20220601,-367.3400,2307.5200,2251.2800,128,5
37,20220602,-147.0600,1049.5550,672.0200,77,16
37,20220603,-1172.8000,21.2600,-1005.2400,101,11
37,20220606,-516.1600,1083.2400,869.0350,91,8
37,20220607,-74.9500,876.7700,536.9400,69,6
37,20220608,-17.4700,920.2900,824.7100,96,15
37,20220609,-1271.4500,21.2600,-1271.4500,105,12
37,20220610,13.7900,1642.4100,1401.2300,123,5
37,20220613,-2622.4650,498.3850,-2622.4650,191,14
37,20220614,8.8000,1391.6250,389.0900,159,13
37,20220615,-1265.0750,7269.8150,6461.8850,251,10
37,20220616,-1151.2000,302.6550,-740.9500,155,12
37,20220617,-190.3250,1286.6000,828.1200,187,7
37,20220621,21.2600,423.9800,312.4350,56,4
37,20220622,-147.3800,768.8550,614.0150,89,6
37,20220623,-229.8800,1016.5950,910.3550,98,5
37,20220624,-209.7300,142.5600,-22.7350,39,12
37,20220627,73.7600,783.5150,599.6300,88,5
37,20220824,-12.4600,631.0350,631.0350,41,4
37,20220825,-186.2300,363.5450,363.5450,42,3
37,20220826,-689.1750,415.0350,-242.8500,90,7
37,20220829,-587.0000,341.4300,-187.2650,86,11
37,20220830,-47.9100,682.4300,676.2300,123,15
37,20220831,-453.9900,121.4900,-216.4300,107,7
37,20220901,-183.4500,1069.1350,1069.1350,101,8
37,20220902,-603.8050,1689.6250,90.6950,132,8
37,20220906,146.2600,1379.9850,925.8750,150,11
37,20220907,-83.3000,295.0800,46.8900,64,6
37,20220908,96.2900,3189.8300,3189.8300,108,5
37,20220909,5.0100,774.9050,774.9050,53,4
37,20220912,-53.6800,678.2000,678.2000,70,3
37,20220913,-1292.8900,-11.2400,-1292.8900,86,9
37,20220914,-139.7350,616.0550,-57.8100,94,8
37,20220915,-965.1150,428.8150,-963.8700,113,16
37,20220916,-438.4500,300.2750,300.2750,90,7
37,20220919,-339.8900,591.4450,485.2250,85,5
37,20220920,-12.3200,1014.4600,1014.4600,71,5
37,20220921,-2173.2000,3472.8350,-2130.6800,182,8
38,20220527,-405.9200,107.5600,-280.8800,37,8
38,20220531,-1146.2250,228.2750,-933.7900,121,12
38,20220601,-408.6100,2172.5200,2116.2800,128,5
38,20220602,-649.5600,547.0550,234.5200,77,16
38,20220603,-1320.3000,21.2600,-1152.7400,101,11
38,20220606,-516.1600,914.4800,591.5350,91,9
38,20220607,-107.4500,1094.4200,1018.1900,69,6
38,20220608,-53.0050,814.0400,725.9600,96,15
38,20220609,-1938.9500,21.2600,-1938.9500,105,12
38,20220610,21.2600,1757.4100,1516.2300,123,6
38,20220613,-2284.9650,487.0650,-2284.9650,191,11
38,20220614,-11.2400,1424.1250,421.5900,159,13
38,20220615,-1286.3350,9916.9300,9389.3850,251,7
38,20220616,-934.9500,777.6550,-524.7000,155,12
38,20220617,-255.1050,1361.6000,813.1200,187,14
38,20220621,-59.9300,315.2100,199.9350,56,5
38,20220622,-103.6700,738.8550,161.5150,89,8
38,20220623,-17.4700,1962.8550,1962.8550,98,5
38,20220624,-228.5000,110.0600,-10.2350,39,12
38,20220627,73.7600,783.5150,654.6300,88,5
38,20220922,-636.7700,95.9200,95.9200,92,7
38,20220923,-31.2000,1447.1700,1447.1700,92,7
38,20220926,-954.8600,885.1000,885.1000,135,11
38,20220927,-1001.1100,1806.9950,1629.5850,146,5
38,20220928,18.7900,500.8700,500.8700,87,8
38,20220929,-484.6750,355.0900,12.4100,116,9
38,20220930,-531.9950,516.8700,-510.7350,114,9
38,20221003,-36.1800,908.7250,656.3750,75,5
38,20221004,-37.7750,437.5350,437.5350,66,8
38,20221005,-698.4300,575.7900,575.7900,79,11
38,20221006,108.7600,1204.4800,1052.3900,114,7
38,20221007,-523.5900,234.1300,-65.4800,77,11
38,20221010,-159.9500,1647.2900,1647.2900,104,5
38,20221011,-1764.6750,266.4000,-1725.8950,98,16
38,20221012,-221.5600,401.0850,-221.5600,94,9
38,20221013,405.0100,8032.4300,8007.4400,244,8
38,20221014,-293.5800,1237.6450,785.3100,156,8
38,20221017,-452.2700,55.0800,-204.9550,67,7
38,20221018,-749.9300,527.7650,101.3000,130,5
38,20221019,-223.6500,1255.7500,1243.4400,94,8
39,20220628,120.6450,2248.5450,1006.0700,107,8
39,20220629,-49.9600,1204.6900,1031.6850,106,6
39,20220630,-3714.3850,21.2600,-3714.3850,124,8
39,20220701,-392.3700,1335.5750,1335.5750,120,6
39,20220705,-1461.9100,73.7900,-5.6450,123,10
39,20220706,101.8850,2992.9550,2912.4200,117,7
39,20220707,-142.9450,8.7700,8.4050,28,4
39,20220708,-33.7200,1346.9400,1308.2000,70,7
39,20220711,-22.4800,472.2750,302.3650,49,5
39,20220712,-483.0800,70.5800,-483.0800,67,9
39,20220713,-175.4950,947.8850,649.2050,108,5
39,20220714,-1412.1000,10.0200,-434.5750,105,9
39,20220715,-38.6500,167.8700,140.3900,39,5
39,20220718,-1173.2800,47.6500,-1152.0200,48,13
39,20220719,-310.4050,111.2700,-251.4650,41,8
39,20220720,-238.5900,607.6950,607.6950,82,8
39,20220721,-1317.8150,10.0200,-655.5200,73,9
39,20220722,95.0200,1284.6100,1284.6100,86,5
39,20220725,-637.0000,42.5200,-517.5350,59,7
39,20220726,-8.7100,386.4400,191.0950,47,6
39,20220727,-107.4300,3973.8250,3973.8250,70,6
39,20220728,-635.9600,-1.2200,-469.4700,53,11
39,20220729,-170.7300,242.7000,-170.7300,52,6
39,20220801,-223.6500,714.0750,691.5950,97,10
39,20220802,-1222.9600,-44.9900,-1201.7000,80,10
39,20220803,-564.8100,42.5200,-453.2800,47,9
39,20220804,-550.9900,21.2600,-128.7850,59,10
39,20220805,-11.2400,705.2300,680.7100,71,8
39,20220808,50.0100,1799.4200,1799.4200,67,3
39,20220809,8.7700,352.2750,299.8850,51,7
39,20220810,-12.4300,153.9500,94.1000,35,4
39,20220811,-107.4900,517.3950,405.0750,70,6
39,20220812,-514.8300,21.2600,-364.7700,23,8
39,20220815,-551.0300,5.0300,-394.7000,30,15
39,20220816,-767.2200,-1.2200,-381.9900,51,16
39,20220817,-208.5350,536.2250,-187.2750,85,8
39,20220818,-279.8600,100.3100,60.4300,43,6
39,20220819,-427.8150,32.6000,-363.9550,42,11
39,20220822,-163.5800,69.6350,16.0650,44,5
39,20220823,21.2600,543.0200,380.7600,76,7
40,20220628,-1298.9300,43.5450,-1298.9300,107,12
40,20220629,-252.2900,522.1900,322.9350,106,5
40,20220630,-1720.6350,561.9650,-1720.6350,124,7
40,20220701,-124.9900,2638.0750,2638.0750,120,6
40,20220705,-492.7650,1909.3350,1886.8550,123,7
40,20220706,-662.0200,2122.9550,2042.4200,117,6
40,20220707,-17.3900,173.4450,173.4450,32,3
40,20220708,-1.2200,1440.6400,1349.4500,70,4
40,20220711,-20.5150,321.6100,13.6150,49,5
40,20220712,-498.0800,254.0300,-498.0800,67,9
40,20220713,21.2600,1259.1350,960.4550,108,5
40,20220714,-203.3300,1275.4250,1275.4250,105,8
40,20220715,-32.4500,316.6300,297.8900,39,4
40,20220718,-912.0700,168.9500,-890.8100,44,11
40,20220719,-381.0100,132.5300,-55.8900,36,13
40,20220720,-173.5900,1072.6950,1072.6950,82,8
40,20220721,-269.0650,441.9550,258.2300,73,8
40,20220722,-271.2100,760.8600,760.8600,86,10
40,20220725,-159.4300,264.7150,-41.2850,59,6
40,20220726,-70.1950,437.6300,-37.6650,46,10
40,20220824,-71.1300,525.4000,525.4000,40,5
40,20220825,-186.2300,486.0450,486.0450,42,3
40,20220826,-663.5800,443.7850,-350.3500,90,7
40,20220829,-529.5000,373.9300,-289.7650,86,7
40,20220830,-33.7200,851.2300,851.2300,123,10
40,20220831,-781.4900,33.8400,-576.4300,107,7
40,20220901,-109.7600,1309.1350,1309.1350,101,6
40,20220902,-186.3850,1542.1250,715.6950,132,9
40,20220906,146.2600,1613.9150,1507.1250,150,6
40,20220907,17.8000,1054.3900,1054.3900,64,5
40,20220908,96.2900,2894.8300,2894.8300,108,10
40,20220909,5.0100,893.0300,884.2900,54,3
40,20220912,-17.4800,925.7000,925.7000,70,3
40,20220913,-1343.5550,43.0000,-1343.5550,82,14
40,20220914,-282.2350,581.6200,-200.3100,94,13
40,20220915,-281.3650,1243.2600,-146.3700,113,15
40,20220916,-232.2500,1496.5250,1496.5250,90,7
40,20220919,-129.8900,1240.2250,1240.2250,85,5
40,20220920,-72.3200,684.4600,684.4600,71,5
40,20220921,-5002.5650,3680.9700,-4960.0450,183,10
41,20220628,-1353.9300,-11.4550,-1353.9300,107,12
41,20220629,-112.2900,478.4000,272.9350,106,5
41,20220630,-2016.8850,397.5700,-2016.8850,124,7
41,20220701,120.0100,2523.0750,2523.0750,120,4
41,20220705,-780.6600,1348.0850,1325.6050,123,10
41,20220706,-647.0200,1917.9550,1837.4200,117,5
41,20220707,-67.3900,123.4450,123.4450,32,4
41,20220708,-1.2200,1248.1400,1156.9500,70,5
41,20220711,-139.7500,196.6100,-111.3850,49,5
41,20220712,-500.5800,284.0300,-500.5800,67,9
41,20220713,-20.7500,1131.6350,832.9550,108,5
41,20220714,-235.8300,866.6750,866.6750,105,8
41,20220715,-32.4500,396.6300,377.8900,39,3
41,20220718,-880.8200,200.2000,-859.5600,44,11
41,20220719,-319.1650,132.5300,-198.9950,38,10
41,20220720,-178.4600,785.1950,785.1950,82,9
41,20220721,-301.5650,441.9550,151.9800,73,13
41,20220722,-238.7100,840.8600,840.8600,86,5
41,20220725,-73.1800,318.4650,44.9650,59,6
41,20220726,-57.4900,469.0600,328.5950,47,7
41,20220922,-648.0300,80.9200,80.9200,92,7
41,20220923,-42.4400,1182.1700,1182.1700,92,7
41,20220926,-729.8600,1277.6000,1277.6000,135,11
41,20220927,-968.6100,1936.9950,1759.5850,146,5
41,20220928,-515.7800,138.8900,-81.6300,87,8
41,20220929,-575.9150,355.0900,-25.0900,116,10
41,20220930,-929.4950,539.3400,-908.2350,114,14
41,20221003,-36.1800,1135.0850,923.8750,75,3
41,20221004,-129.6500,499.3900,498.1600,66,8
41,20221005,-812.1700,829.5400,829.5400,79,8
41,20221006,108.7600,1304.4900,1054.8900,114,7
41,20221007,-576.7700,42.5600,-521.7300,77,7
41,20221010,-167.4400,685.1250,591.0400,104,9
41,20221011,-2122.8900,121.3000,-2037.1450,98,7
41,20221012,-171.5600,451.0850,-171.5600,94,9
41,20221013,405.0100,7597.2050,7087.4400,244,8
41,20221014,-326.0800,1690.2450,1155.3100,156,10
41,20221017,-297.3700,89.8450,60.0450,67,6
41,20221018,-996.3200,15.1900,-684.9500,130,8
41,20221019,-191.1500,1205.9400,1205.9400,94,8
42,20220727,-6.2100,4051.9400,4051.9400,69,3
42,20220728,21.2600,984.2800,984.2800,53,2
42,20220729,-163.7100,389.2700,389.2700,52,5
42,20220801,-536.2050,377.8250,355.3450,97,7
42,20220802,40.0100,885.9750,399.5500,80,13
42,20220803,-22.4800,856.7200,856.7200,47,5
42,20220804,-11.2400,894.3300,863.7150,59,4
42,20220805,-579.7700,105.4700,-64.2900,71,6
42,20220808,-1360.6300,-54.9900,-1190.5800,67,13
42,20220809,-86.6350,148.6250,144.8850,51,6
42,20220810,21.2600,192.7900,164.1200,37,4
42,20220811,-844.9550,-86.2300,-836.1750,70,9
42,20220812,-11.2400,553.9800,553.9800,23,2
42,20220815,-11.2400,205.2800,205.2800,28,3
42,20220816,-302.0700,42.5200,-45.7300,52,12
42,20220817,-478.5350,266.2250,-457.2750,85,8
42,20220818,21.2600,512.9300,512.9300,43,3
42,20220819,-368.9950,-63.7400,-335.2050,42,9
42,20220822,-34.5400,293.9600,-13.2800,47,15
42,20220823,-318.4000,-11.2400,-26.7400,76,6
42,20220824,-12.4600,541.4400,532.9000,40,4
42,20220825,-276.6850,96.0450,96.0450,42,7
42,20220826,-2791.6000,-122.4900,-2791.6000,90,11
42,20220829,-44.9600,1555.1750,1475.2350,86,4
42,20220830,-272.9100,439.0900,371.2300,123,6
42,20220831,-191.4900,474.2000,13.5700,107,7
42,20220901,-56.1800,1511.6350,1511.6350,101,7
42,20220902,-4378.0650,126.9950,-4356.8050,132,11
42,20220906,-1298.4050,910.3200,-859.1250,150,14
42,20220907,55.0100,1326.8900,1326.8900,64,7
42,20220908,-699.6000,1407.3300,1407.3300,108,15
42,20220909,-66.6350,661.1450,661.1450,52,4
42,20220912,-232.9950,321.9500,321.9500,70,7
42,20220913,-1418.5550,171.7300,-1418.5550,82,14
42,20220914,-648.4850,265.7350,-566.5600,94,13
42,20220915,-1067.6200,422.5850,-1067.6200,113,15
42,20220916,-705.7800,619.0250,619.0250,90,7
42,20220919,-752.2500,470.2250,470.2250,85,10
42,20220920,-531.9900,481.9600,481.9600,71,11
42,20220921,-4350.6800,4332.8550,-4308.1600,184,10
43,20220727,-107.4300,3883.1800,3883.1800,68,6
43,20220728,-163.7100,424.2800,424.2800,53,6
43,20220729,-312.1500,74.2700,74.2700,52,5
43,20220801,-31.2050,882.8250,860.3450,97,5
43,20220802,10.7900,530.9350,32.0500,80,13
43,20220803,-11.2400,516.7200,516.7200,47,7
43,20220804,-11.2400,576.8300,546.2150,59,3
43,20220805,21.2600,902.8200,660.7100,71,7
43,20220808,-128.7200,812.8700,646.9200,67,7
43,20220809,-85.4650,286.1250,282.3850,51,7
43,20220810,-12.4300,172.8600,172.8600,36,4
43,20220811,-118.7300,644.8550,-96.1750,70,9
43,20220812,-41.0600,215.0500,109.0000,25,9
43,20220815,-343.5100,21.2600,-269.7200,28,15
43,20220816,-743.4600,31.2800,-444.4900,51,11
43,20220817,-51.0350,693.7250,-29.7750,85,8
43,20220818,-279.8600,369.2000,369.2000,45,6
43,20220819,-264.0050,122.6000,-223.9550,42,9
43,20220822,-312.1200,-33.7400,-290.8600,39,10
43,20220823,-29.9400,474.4600,463.2600,76,5
43,20220922,-211.7900,505.9200,505.9200,92,4
43,20220923,-1079.2600,32.5300,-107.8300,92,7
43,20220926,-1606.7900,-162.4900,-164.9000,135,11
43,20220927,-3385.7700,10.0200,-2382.9150,146,16
43,20220928,18.7900,1473.3700,1473.3700,87,6
43,20220929,-42.1650,894.7250,476.1600,116,10
43,20220930,-1929.4950,80.1000,-1908.2350,114,10
43,20221003,-81.1800,1472.5850,1261.3750,75,5
43,20221004,-4.9900,658.7650,657.5350,66,8
43,20221005,-255.9600,1598.2900,1598.2900,79,4
43,20221006,-258.9300,462.6500,-217.6100,114,8
43,20221007,-590.5200,115.0900,-535.4800,77,7
43,20221010,-167.4400,1768.8750,1674.7900,104,9
43,20221011,-1299.6750,915.4800,-1260.8950,98,16
43,20221012,-286.5600,336.0850,-286.5600,94,9
43,20221013,405.0100,13999.9300,13974.9400,244,7
43,20221014,-2488.5700,-48.7400,-2309.6900,156,11
43,20221017,-96.0900,327.4050,305.0450,67,7
43,20221018,-703.5900,1160.2650,466.3000,130,6
43,20221019,-601.9200,202.1900,202.1900,94,8
44,20220824,-216.1300,374.7850,374.7850,41,8
44,20220825,3.7700,608.5450,608.5450,42,4
44,20220826,-313.7100,1879.6000,1663.4000,90,4
44,20220829,-1064.5000,85.0400,-794.7650,86,13
44,20220830,-334.7100,364.9300,358.7300,123,9
44,20220831,-491.4900,101.4400,-253.9300,107,7
44,20220901,-73.4700,1119.1350,1119.1350,101,7
44,20220902,-275.1350,1485.8750,431.9450,132,9
44,20220906,-513.4500,1220.7650,1144.6250,150,6
44,20220907,-437.2000,264.2700,9.3900,64,9
44,20220908,-256.1600,2422.3300,2422.3300,108,9
44,20220909,5.0100,799.8950,799.8950,52,4
44,20220912,5.0100,1095.7000,1095.7000,70,3
44,20220913,-554.2600,118.8700,-516.0550,82,6
44,20220914,-233.4850,321.8400,-151.5600,94,12
44,20220915,-11.2400,1618.8350,96.1300,113,15
44,20220916,-22.4800,1565.2750,1565.2750,90,3
44,20220919,-79.9400,1100.1950,961.4750,85,5
44,20220920,-294.8200,834.4600,834.4600,71,5
44,20220921,-5751.9300,2979.0750,-5709.4100,184,10
44,20220922,-661.6800,123.1950,-214.0800,92,7
44,20220923,-3.7300,1284.6700,1284.6700,92,7
44,20220926,157.5100,3347.6000,3347.6000,135,11
44,20220927,10.0200,4671.9950,4494.5850,146,5
44,20220928,-865.4600,51.2900,-656.6300,87,8
44,20220929,-1027.7200,-18.8550,-637.5900,116,10
44,20220930,-11.2400,1254.3700,26.7650,114,9
44,20221003,11.2700,1132.4850,1036.3750,75,5
44,20221004,-323.3200,275.6500,260.6600,66,8
44,20221005,-1384.6700,-66.2400,-500.4600,79,11
44,20221006,-691.1100,-61.6200,-192.6100,114,14
44,20221007,21.2600,1289.1300,944.5200,77,6
44,20221010,-354.7200,1256.3750,1087.2900,104,10
44,20221011,-3059.6750,-11.2400,-3020.8950,98,16
44,20221012,-361.5600,326.1050,-361.5600,94,9
44,20221013,-4350.4500,863.8100,-2966.3100,244,10
44,20221014,-188.6900,2065.1450,1695.3100,156,7
44,20221017,-327.2700,212.5800,-207.4550,67,7
44,20221018,167.5100,1222.7650,781.3000,130,10
44,20221019,-32.3000,1305.8700,1290.9400,94,8
