split_idx,day,pnl,n_trades,hold_skips,time_skips,total_bars
0,20220103,647.5550,68,872,302,4630
0,20220104,-896.9000,60,753,658,4630
0,20220105,-141.4450,43,81,1334,4630
0,20220106,1984.5950,147,314,1098,4630
0,20220107,-512.8500,90,530,700,4630
0,20220110,1734.2850,116,94,1324,4630
0,20220111,3368.6700,117,706,618,4630
0,20220112,-135.3800,87,435,981,4630
0,20220113,-970.7850,109,208,1225,4630
0,20220114,-355.9600,154,183,1233,4630
0,20220118,-329.3350,129,199,1176,4630
0,20220119,-1987.0850,104,166,1235,4630
0,20220120,772.7850,91,60,1346,4630
0,20220121,-1472.7950,283,41,1398,4630
0,20220124,-793.6350,449,9,1429,4630
0,20220125,10191.0000,350,20,1400,4630
0,20220126,1340.3100,156,9,1430,4630
0,20220127,-6823.0800,317,61,1369,4630
0,20220128,8461.9550,258,42,1397,4630
0,20220131,2225.2950,92,165,1260,4630
0,20220201,1434.0600,156,386,1046,4630
0,20220202,648.1150,124,168,1223,4630
0,20220203,528.1250,125,150,1248,4630
0,20220204,1302.3550,173,168,1272,4630
0,20220207,252.2900,104,197,1147,4630
0,20220208,2095.8000,80,139,1244,4630
0,20220209,911.7600,51,761,651,4630
0,20220210,-1846.6550,147,51,1384,4630
0,20220211,-5741.1750,195,7,1421,4630
0,20220214,-198.1400,186,8,1432,4630
0,20220215,871.9800,73,383,1028,4630
0,20220216,725.6700,67,230,1210,4630
0,20220217,-1212.2850,84,233,1179,4630
0,20220218,-1585.2650,161,32,1386,4630
0,20220222,-3412.1800,157,19,1418,4630
0,20220223,-4065.2850,159,117,1315,4630
0,20220224,10321.9000,315,64,1365,4630
0,20220225,8751.8800,188,51,1388,4630
0,20220228,-5.0350,184,32,1405,4630
0,20220301,-5295.5900,191,44,1391,4630
0,20220302,6181.7400,174,80,1318,4630
1,20220103,-108.6950,68,745,429,4630
1,20220104,-214.4100,59,570,856,4630
1,20220105,351.6800,43,58,1360,4630
1,20220106,1537.0950,147,94,1318,4630
1,20220107,-206.6000,90,257,978,4630
1,20220110,401.7850,116,54,1364,4630
1,20220111,1802.4200,117,491,833,4630
1,20220112,209.6200,87,181,1235,4630
1,20220113,-432.0350,109,62,1371,4630
1,20220114,-625.9600,154,50,1366,4630
1,20220118,-680.5850,129,59,1316,4630
1,20220119,1346.6650,104,74,1327,4630
1,20220120,469.0350,91,47,1359,4630
1,20220121,1813.4550,283,22,1417,4630
1,20220124,-4108.6350,449,20,1418,4630
1,20220125,5426.0000,350,20,1400,4630
1,20220126,682.8100,156,19,1420,4630
1,20220127,2780.6700,317,38,1392,4630
1,20220128,2801.9550,258,23,1416,4630
1,20220131,34.0450,92,113,1312,4630
1,20220201,760.3100,156,86,1346,4630
1,20220303,1072.8900,164,52,1361,4630
1,20220304,1615.4600,171,20,1408,4630
1,20220307,-947.5450,183,30,1402,4630
1,20220308,-4588.8050,307,19,1411,4630
1,20220309,1227.0250,140,87,1330,4630
1,20220310,-848.1550,122,62,1363,4630
1,20220311,1367.6400,139,256,1184,4630
1,20220314,-1564.4550,117,666,752,4630
1,20220315,387.4200,117,681,605,4630
1,20220316,1329.9750,185,641,800,4630
1,20220317,1200.0950,72,620,781,4630
1,20220318,-130.1150,51,714,724,4630
1,20220321,506.7750,115,712,601,4630
1,20220322,-12.0400,46,724,689,4630
1,20220323,-1.1850,69,717,728,4630
1,20220324,344.8450,47,724,694,4630
1,20220325,-2.8800,87,711,720,4630
1,20220328,-231.3250,55,706,715,4630
1,20220329,331.2750,65,762,659,4630
1,20220330,221.7000,45,765,682,4630
2,20220103,385.0550,68,889,473,4630
2,20220104,-691.9000,60,585,826,4630
2,20220105,134.8050,43,33,1382,4630
2,20220106,2132.0950,147,135,1277,4630
2,20220107,-199.0500,95,234,995,4630
2,20220110,1751.7850,116,51,1367,4630
2,20220111,3583.6700,117,483,841,4630
2,20220112,-227.8800,87,198,1218,4630
2,20220113,-392.0350,109,52,1381,4630
2,20220114,-388.4600,154,49,1367,4630
2,20220118,-539.3350,129,65,1310,4630
2,20220119,-1987.0850,104,81,1320,4630
2,20220120,702.7850,91,20,1386,4630
2,20220121,-1220.2950,283,20,1419,4630
2,20220124,-896.1350,449,17,1421,4630
2,20220125,9998.5000,350,19,1401,4630
2,20220126,1396.5600,156,14,1425,4630
2,20220127,-6823.0800,317,37,1393,4630
2,20220128,8461.9550,258,20,1419,4630
2,20220131,2174.0450,92,112,1313,4630
2,20220201,1626.5600,156,124,1308,4630
2,20220331,-293.3400,41,597,832,4630
2,20220401,-427.4650,66,699,714,4630
2,20220404,331.4700,22,772,594,4630
2,20220405,-1218.7650,61,703,698,4630
2,20220406,2449.9800,123,682,755,4630
2,20220407,1490.8600,86,708,718,4630
2,20220408,264.3700,62,678,760,4630
2,20220411,-159.5800,42,677,739,4630
2,20220412,-1689.7450,88,703,725,4630
2,20220413,712.3250,45,706,722,4630
2,20220414,-671.2050,67,718,705,4630
2,20220418,-1349.8750,75,612,803,4630
2,20220419,339.8850,51,597,840,4630
2,20220420,-576.3150,56,568,871,4630
2,20220421,-5113.7900,121,583,836,4630
2,20220422,-2265.9050,97,541,890,4630
2,20220425,4167.6650,204,674,762,4630
2,20220426,-1234.1350,149,388,1052,4630
2,20220427,660.1650,204,397,1004,4630
2,20220428,6173.1950,132,176,1262,4630
3,20220103,143.8050,68,767,407,4630
3,20220104,-408.1500,60,565,846,4630
3,20220105,227.3050,43,47,1368,4630
3,20220106,1127.0950,147,113,1299,4630
3,20220107,10.9100,91,245,980,4630
3,20220110,-108.2150,116,56,1362,4630
3,20220111,842.4200,117,469,855,4630
3,20220112,212.1200,87,192,1224,4630
3,20220113,-298.2850,109,52,1381,4630
3,20220114,-1007.2100,154,59,1357,4630
3,20220118,-804.3350,129,75,1300,4630
3,20220119,-244.5850,104,86,1315,4630
3,20220120,1270.2850,91,37,1369,4630
3,20220121,44.7050,283,23,1416,4630
3,20220124,1311.3650,449,20,1418,4630
3,20220125,1054.7500,350,22,1398,4630
3,20220126,875.3100,156,17,1422,4630
3,20220127,-3896.8300,317,36,1394,4630
3,20220128,2334.4550,258,26,1413,4630
3,20220131,1212.7950,92,101,1324,4630
3,20220201,-80.9400,156,98,1334,4630
3,20220429,-1019.2550,137,553,885,4630
3,20220502,-6464.8500,265,597,843,4630
3,20220503,548.6450,177,557,858,4630
3,20220504,-14976.4700,228,699,738,4630
3,20220505,3166.7400,299,533,891,4630
3,20220506,1329.3200,307,605,833,4630
3,20220509,1007.2400,224,561,875,4630
3,20220510,481.8600,311,591,849,4630
3,20220511,2573.7300,248,595,841,4630
3,20220512,85.8250,270,552,883,4630
3,20220513,-3009.9900,126,675,759,4630
3,20220516,2511.5000,150,690,650,4630
3,20220517,-1985.0900,116,715,702,4630
3,20220518,-1771.5650,156,547,890,4630
3,20220519,4843.8200,257,622,816,4630
3,20220520,-2859.2800,197,564,865,4630
3,20220523,2131.3900,139,707,719,4630
3,20220524,2956.8600,186,651,776,4630
3,20220525,-2045.7500,175,501,931,4630
3,20220526,534.2500,50,687,734,4630
4,20220103,58.8050,68,831,343,4630
4,20220104,578.1000,60,598,813,4630
4,20220105,272.3050,43,32,1383,4630
4,20220106,648.3450,147,122,1290,4630
4,20220107,-764.0900,91,230,995,4630
4,20220110,1283.0350,116,79,1339,4630
4,20220111,-1093.8300,117,458,866,4630
4,20220112,64.6200,87,183,1233,4630
4,20220113,-779.5350,109,72,1361,4630
4,20220114,1014.0400,154,49,1367,4630
4,20220118,-736.8350,129,76,1299,4630
4,20220119,56.6650,104,95,1306,4630
4,20220120,-42.2150,91,20,1386,4630
4,20220121,1702.2050,283,20,1419,4630
4,20220124,-422.3850,449,19,1419,4630
4,20220125,3903.5000,350,20,1400,4630
4,20220126,-438.4400,156,15,1424,4630
4,20220127,198.1700,317,38,1392,4630
4,20220128,-3423.0450,258,20,1419,4630
4,20220131,280.2950,92,110,1315,4630
4,20220201,-583.4400,156,106,1326,4630
4,20220527,180.3700,37,701,723,4630
4,20220531,1298.7100,121,586,830,4630
4,20220601,1050.0300,128,668,733,4630
4,20220602,1393.2700,77,728,712,4630
4,20220603,-32.7400,101,691,744,4630
4,20220606,1069.0350,91,696,741,4630
4,20220607,-178.0600,69,712,718,4630
4,20220608,1354.7100,96,719,714,4630
4,20220609,-1708.9500,105,704,725,4630
4,20220610,1454.9800,123,639,776,4630
4,20220613,-648.7150,191,523,894,4630
4,20220614,576.5900,159,657,779,4630
4,20220615,4315.6350,251,638,801,4630
4,20220616,-222.2000,155,365,1073,4630
4,20220617,716.8700,187,630,808,4630
4,20220621,-15.0650,56,712,714,4630
4,20220622,-333.4850,89,693,735,4630
4,20220623,656.6050,98,710,716,4630
4,20220624,312.2650,39,848,558,4630
4,20220627,353.3800,88,688,735,4630
5,20220103,-138.6950,68,785,389,4630
5,20220104,-49.4000,60,612,799,4630
5,20220105,335.4300,43,37,1380,4630
5,20220106,552.0950,147,150,1262,4630
5,20220107,479.6600,91,278,947,4630
5,20220110,1704.2850,116,79,1339,4630
5,20220111,1721.1700,117,585,739,4630
5,20220112,487.1200,87,209,1207,4630
5,20220113,-220.7850,109,85,1348,4630
5,20220114,1016.5400,154,48,1368,4630
5,20220118,-271.8350,129,82,1293,4630
5,20220119,-280.8350,104,92,1309,4630
5,20220120,-602.2150,91,25,1381,4630
5,20220121,-1241.5450,283,22,1417,4630
5,20220124,-103.6350,449,19,1419,4630
5,20220125,7469.7500,350,20,1400,4630
5,20220126,2171.5600,156,14,1425,4630
5,20220127,-5054.3300,317,38,1392,4630
5,20220128,3808.2050,258,19,1420,4630
5,20220131,1054.0450,92,129,1296,4630
5,20220201,390.3100,156,106,1326,4630
5,20220628,-2331.4300,107,693,707,4630
5,20220629,-203.3150,106,729,695,4630
5,20220630,-399.3850,124,576,821,4630
5,20220701,2245.5750,120,682,746,4630
5,20220705,2676.8550,123,684,744,4630
5,20220706,1517.4200,117,708,732,4630
5,20220707,217.2050,33,776,580,4630
5,20220708,-9.3000,70,710,620,4630
5,20220711,-78.2500,50,730,686,4630
5,20220712,-15.5800,67,719,721,4630
5,20220713,620.4550,108,705,720,4630
5,20220714,1764.1750,105,696,666,4630
5,20220715,201.6400,39,801,638,4630
5,20220718,-822.0400,46,745,680,4630
5,20220719,87.8800,38,743,766,4630
5,20220720,560.1950,82,656,770,4630
5,20220721,1586.9800,73,682,660,4630
5,20220722,43.3600,86,690,613,4630
5,20220725,172.4650,59,683,704,4630
5,20220726,109.8450,47,528,895,4630
6,20220103,112.5550,68,822,352,4630
6,20220104,708.1000,60,609,802,4630
6,20220105,-52.7350,39,39,1381,4630
6,20220106,-469.1550,147,76,1336,4630
6,20220107,993.4100,91,239,986,4630
6,20220110,170.5350,116,38,1380,4630
6,20220111,-1921.3300,117,467,857,4630
6,20220112,1022.1200,87,198,1218,4630
6,20220113,1250.4650,109,35,1398,4630
6,20220114,1614.0400,154,44,1372,4630
6,20220118,86.9150,129,29,1346,4630
6,20220119,4097.9150,104,47,1354,4630
6,20220120,-908.4650,91,23,1383,4630
6,20220121,-521.5450,283,26,1413,4630
6,20220124,-452.3850,449,20,1418,4630
6,20220125,2129.7500,350,20,1400,4630
6,20220126,402.8100,156,15,1424,4630
6,20220127,2775.6700,317,38,1392,4630
6,20220128,-296.7950,258,20,1419,4630
6,20220131,-482.2050,92,87,1338,4630
6,20220201,-460.9400,156,88,1344,4630
6,20220727,-2552.4250,70,653,829,4630
6,20220728,-214.4700,53,408,991,4630
6,20220729,-308.2300,52,704,731,4630
6,20220801,-518.4050,97,711,724,4630
6,20220802,-515.4500,80,677,739,4630
6,20220803,-793.2800,47,658,728,4630
6,20220804,-396.2850,59,724,675,4630
6,20220805,288.2100,71,698,739,4630
6,20220808,1361.9200,67,706,691,4630
6,20220809,9.8850,51,699,669,4630
6,20220810,-87.1200,38,697,542,4630
6,20220811,981.3250,70,692,715,4630
6,20220812,-381.0200,23,837,597,4630
6,20220815,-493.4600,29,907,464,4630
6,20220816,-404.5100,49,782,723,4630
6,20220817,937.7250,85,716,673,4630
6,20220818,-64.5900,41,732,560,4630
6,20220819,92.9500,45,720,677,4630
6,20220822,-213.3300,42,706,720,4630
6,20220823,295.7600,76,716,718,4630
7,20220103,700.0550,68,827,347,4630
7,20220104,428.1000,60,634,777,4630
7,20220105,-113.3300,42,40,1382,4630
7,20220106,-431.6550,147,68,1344,4630
7,20220107,517.1600,91,248,977,4630
7,20220110,-1085.7150,116,38,1380,4630
7,20220111,-2438.8300,117,480,844,4630
7,20220112,197.1200,87,210,1206,4630
7,20220113,-94.5350,109,32,1401,4630
7,20220114,1557.7900,154,42,1374,4630
7,20220118,223.1650,129,33,1342,4630
7,20220119,-263.3350,104,44,1357,4630
7,20220120,-573.4650,91,28,1378,4630
7,20220121,1132.2050,283,25,1414,4630
7,20220124,-5617.3850,449,20,1418,4630
7,20220125,2201.0000,350,20,1400,4630
7,20220126,-805.9400,156,14,1425,4630
7,20220127,4743.1700,317,38,1392,4630
7,20220128,-3664.2950,258,20,1419,4630
7,20220131,380.2950,92,67,1358,4630
7,20220201,-1909.6900,156,78,1354,4630
7,20220824,552.2550,38,779,641,4630
7,20220825,296.0450,42,834,678,4630
7,20220826,8.4000,90,656,696,4630
7,20220829,172.7350,86,689,735,4630
7,20220830,656.2300,123,671,741,4630
7,20220831,-258.9300,107,668,768,4630
7,20220901,1171.6350,101,689,735,4630
7,20220902,2168.1950,132,676,757,4630
7,20220906,2095.8750,150,678,735,4630
7,20220907,654.3900,64,694,627,4630
7,20220908,2957.3300,108,725,718,4630
7,20220909,714.9050,53,812,616,4630
7,20220912,226.9500,70,726,609,4630
7,20220913,-1020.3900,86,648,701,4630
7,20220914,-310.9450,93,685,678,4630
7,20220915,-535.1200,113,552,882,4630
7,20220916,472.7750,90,690,736,4630
7,20220919,475.2250,85,652,785,4630
7,20220920,-380.5400,71,666,756,4630
7,20220921,-5365.7100,179,746,935,4630
8,20220103,782.5550,68,822,352,4630
8,20220104,529.3500,60,623,788,4630
8,20220105,-60.8300,42,38,1381,4630
8,20220106,-651.6550,147,71,1341,4630
8,20220107,394.6600,91,244,981,4630
8,20220110,788.0350,116,37,1381,4630
8,20220111,-2035.0800,117,488,836,4630
8,20220112,27.1200,87,187,1229,4630
8,20220113,210.4650,109,29,1404,4630
8,20220114,1746.5400,154,41,1375,4630
8,20220118,424.4150,129,25,1350,4630
8,20220119,604.1650,104,44,1357,4630
8,20220120,-1230.9650,91,20,1386,4630
8,20220121,429.7050,283,22,1417,4630
8,20220124,-5939.8850,449,17,1421,4630
8,20220125,-276.5000,350,19,1401,4630
8,20220126,-867.1900,156,13,1426,4630
8,20220127,5471.9200,317,38,1392,4630
8,20220128,-4031.7950,258,17,1422,4630
8,20220131,720.2950,92,80,1345,4630
8,20220201,-1087.1900,156,66,1366,4630
8,20220922,203.4200,92,679,756,4630
8,20220923,579.6700,92,618,811,4630
8,20220926,940.1000,135,584,850,4630
8,20220927,1925.8350,146,654,777,4630
8,20220928,275.8700,87,640,781,4630
8,20220929,-465.0900,116,627,800,4630
8,20220930,-663.2350,114,610,821,4630
8,20221003,818.8750,75,666,760,4630
8,20221004,450.0350,66,659,774,4630
8,20221005,1223.2900,79,647,793,4630
8,20221006,917.3900,114,626,792,4630
8,20221007,-322.9800,77,674,755,4630
8,20221010,811.0300,103,694,750,4630
8,20221011,-789.6450,98,681,759,4630
8,20221012,168.4400,94,698,730,4630
8,20221013,5194.9400,244,670,763,4630
8,20221014,1102.8100,156,672,744,4630
8,20221017,-282.4550,67,704,730,4630
8,20221018,-1843.7000,130,567,870,4630
8,20221019,1248.4400,94,536,864,4630
9,20220202,881.8650,124,70,1321,4630
9,20220203,120.6250,125,52,1346,4630
9,20220204,1377.3550,173,73,1367,4630
9,20220207,-112.7100,104,88,1256,4630
9,20220208,1217.0500,80,48,1333,4630
9,20220209,414.2600,51,511,901,4630
9,20220210,-1364.1550,147,19,1416,4630
9,20220211,-5051.1750,195,18,1410,4630
9,20220214,544.3600,186,19,1421,4630
9,20220215,1147.6150,74,325,1079,4630
9,20220216,239.4200,67,102,1338,4630
9,20220217,-224.7850,84,177,1235,4630
9,20220218,-2176.5150,161,33,1385,4630
9,20220222,-3192.1800,157,19,1418,4630
9,20220223,-3536.5350,159,24,1408,4630
9,20220224,10283.1500,315,39,1390,4630
9,20220225,5943.1300,188,42,1397,4630
9,20220228,-177.5350,184,18,1419,4630
9,20220301,-4026.8400,191,20,1415,4630
9,20220302,5575.4900,174,27,1371,4630
9,20220303,-1239.6100,164,41,1372,4630
9,20220304,1104.2100,171,20,1408,4630
9,20220307,-3751.2950,183,23,1409,4630
9,20220308,1484.9450,307,19,1411,4630
9,20220309,2122.0250,140,94,1323,4630
9,20220310,484.3450,122,45,1380,4630
9,20220311,-628.6100,139,339,1101,4630
9,20220314,-2013.2050,117,672,746,4630
9,20220315,1696.1700,117,679,608,4630
9,20220316,6744.3500,185,633,803,4630
9,20220317,1098.8250,70,614,747,4630
9,20220318,232.3950,52,713,726,4630
9,20220321,-1338.2250,115,683,630,4630
9,20220322,351.1350,51,706,699,4630
9,20220323,-63.6850,69,718,727,4630
9,20220324,541.0850,46,735,682,4630
9,20220325,-35.3800,87,713,718,4630
9,20220328,288.6750,55,714,707,4630
9,20220329,426.2750,65,754,667,4630
9,20220330,276.7400,49,751,681,4630
10,20220202,680.6150,124,58,1333,4630
10,20220203,114.3750,125,42,1356,4630
10,20220204,1302.3550,173,104,1336,4630
10,20220207,-130.2100,104,102,1242,4630
10,20220208,2349.5500,80,54,1327,4630
10,20220209,744.2600,51,468,944,4630
10,20220210,-1814.1550,147,10,1425,4630
10,20220211,-5741.1750,195,5,1423,4630
10,20220214,-263.1400,186,14,1426,4630
10,20220215,953.2400,74,288,1112,4630
10,20220216,940.6700,67,99,1341,4630
10,20220217,-1187.2850,84,171,1241,4630
10,20220218,-1967.7650,161,20,1398,4630
10,20220222,-3569.6800,157,10,1427,4630
10,20220223,-4015.2850,159,25,1407,4630
10,20220224,10479.4000,315,21,1408,4630
10,20220225,8686.8800,188,39,1400,4630
10,20220228,494.9650,184,11,1426,4630
10,20220301,-5808.0900,191,4,1431,4630
10,20220302,6740.4900,174,21,1377,4630
10,20220331,-280.1850,44,606,822,4630
10,20220401,-394.9650,66,697,716,4630
10,20220404,320.2200,22,719,629,4630
10,20220405,-1178.7650,61,704,697,4630
10,20220406,2449.9800,123,686,751,4630
10,20220407,1693.3600,86,702,724,4630
10,20220408,251.8700,62,671,767,4630
10,20220411,-214.5800,42,672,744,4630
10,20220412,-2229.7450,88,697,731,4630
10,20220413,1122.3250,45,688,739,4630
10,20220414,-547.4550,67,712,711,4630
10,20220418,-1252.3750,75,599,814,4630
10,20220419,388.6350,51,586,847,4630
10,20220420,-67.5650,56,563,875,4630
10,20220421,-4945.0500,120,600,831,4630
10,20220422,-2415.9050,97,535,896,4630
10,20220425,4135.1650,204,670,766,4630
10,20220426,-1481.6350,149,377,1063,4630
10,20220427,497.6650,204,397,1004,4630
10,20220428,6363.1950,132,171,1267,4630
11,20220202,644.3650,124,82,1309,4630
11,20220203,664.3750,125,50,1348,4630
11,20220204,854.8550,173,100,1340,4630
11,20220207,219.7900,104,114,1230,4630
11,20220208,1954.5500,80,76,1305,4630
11,20220209,694.2600,51,438,974,4630
11,20220210,-1831.6550,147,12,1423,4630
11,20220211,-5536.1750,195,2,1426,4630
11,20220214,-374.3900,186,14,1426,4630
11,20220215,1149.4900,74,315,1085,4630
11,20220216,790.6700,67,111,1329,4630
11,20220217,-1244.7850,84,136,1276,4630
11,20220218,-1530.2650,161,20,1398,4630
11,20220222,-3317.1800,157,11,1426,4630
11,20220223,-4227.7850,159,36,1396,4630
11,20220224,10421.9000,315,15,1414,4630
11,20220225,7918.1300,188,39,1400,4630
11,20220228,269.9650,184,10,1427,4630
11,20220301,-5223.0900,191,4,1431,4630
11,20220302,5771.7400,174,46,1352,4630
11,20220429,-3204.2550,137,558,880,4630
11,20220502,-177.3500,265,605,835,4630
11,20220503,1704.8950,177,549,866,4630
11,20220504,22401.0300,228,692,745,4630
11,20220505,-5387.0100,299,532,892,4630
11,20220506,-1170.6800,307,630,808,4630
11,20220509,-917.7600,224,576,860,4630
11,20220510,1054.3600,311,594,846,4630
11,20220511,-5181.2700,248,609,827,4630
11,20220512,-4556.6750,270,515,920,4630
11,20220513,1268.7600,126,679,755,4630
11,20220516,2187.7500,150,692,648,4630
11,20220517,4224.9100,116,711,706,4630
11,20220518,-4180.3150,156,559,878,4630
11,20220519,5597.5700,257,625,813,4630
11,20220520,-1129.2800,197,590,839,4630
11,20220523,2206.3900,139,705,721,4630
11,20220524,4879.3600,186,653,774,4630
11,20220525,4653.0000,175,516,916,4630
11,20220526,469.2500,50,694,725,4630
12,20220202,1175.6150,124,49,1342,4630
12,20220203,76.8750,125,59,1339,4630
12,20220204,1219.8550,173,92,1348,4630
12,20220207,67.2900,104,85,1259,4630
12,20220208,1649.5500,80,71,1310,4630
12,20220209,365.5100,51,385,1027,4630
12,20220210,-1356.6550,147,16,1419,4630
12,20220211,-4878.6750,195,3,1425,4630
12,20220214,1038.1100,186,15,1425,4630
12,20220215,834.4900,74,241,1159,4630
12,20220216,424.4200,67,103,1337,4630
12,20220217,-699.7850,84,130,1282,4630
12,20220218,-1177.7650,161,20,1398,4630
12,20220222,-3059.6800,157,13,1424,4630
12,20220223,-3285.2850,159,28,1404,4630
12,20220224,9750.6500,315,10,1419,4630
12,20220225,5868.1300,188,26,1413,4630
12,20220228,108.7150,184,13,1424,4630
12,20220301,-4316.8400,191,11,1424,4630
12,20220302,4861.7400,174,28,1370,4630
12,20220527,386.6200,37,708,716,4630
12,20220531,1522.4600,121,589,827,4630
12,20220601,462.5300,128,683,718,4630
12,20220602,2630.7700,77,727,713,4630
12,20220603,-586.4900,101,690,745,4630
12,20220606,-578.4650,91,697,740,4630
12,20220607,154.4400,69,703,727,4630
12,20220608,529.7100,96,719,714,4630
12,20220609,-1506.4500,105,705,724,4630
12,20220610,812.4800,123,636,779,4630
12,20220613,-531.2150,191,529,888,4630
12,20220614,-430.9100,159,655,781,4630
12,20220615,9871.8850,251,654,785,4630
12,20220616,-1075.9500,155,313,1125,4630
12,20220617,1933.1200,187,630,808,4630
12,20220621,-71.3150,56,710,716,4630
12,20220622,-333.4850,89,685,743,4630
12,20220623,435.3550,98,718,708,4630
12,20220624,162.2650,39,749,657,4630
12,20220627,403.3800,88,694,729,4630
13,20220202,713.1150,124,55,1336,4630
13,20220203,224.3750,125,56,1342,4630
13,20220204,887.3550,173,103,1337,4630
13,20220207,124.7900,104,92,1252,4630
13,20220208,2143.2600,76,58,1326,4630
13,20220209,593.0100,51,647,765,4630
13,20220210,-1846.6550,147,12,1423,4630
13,20220211,-5503.6750,195,6,1422,4630
13,20220214,-488.1400,186,14,1426,4630
13,20220215,1144.4900,74,304,1096,4630
13,20220216,758.1700,67,74,1367,4630
13,20220217,-1142.2850,84,172,1240,4630
13,20220218,-1870.2650,161,21,1397,4630
13,20220222,-3455.9300,157,11,1426,4630
13,20220223,-4147.7850,159,30,1402,4630
13,20220224,10446.9000,315,11,1418,4630
13,20220225,7960.6300,188,22,1417,4630
13,20220228,257.4650,184,13,1424,4630
13,20220301,-5158.0900,191,11,1424,4630
13,20220302,6181.7400,174,18,1380,4630
13,20220628,-3257.6800,107,694,706,4630
13,20220629,-733.3150,106,722,702,4630
13,20220630,828.1150,124,586,811,4630
13,20220701,2468.0750,120,687,741,4630
13,20220705,3680.6050,123,676,752,4630
13,20220706,2224.9200,117,704,734,4630
13,20220707,389.0800,33,763,602,4630
13,20220708,28.2000,70,703,627,4630
13,20220711,-1.3850,49,720,694,4630
13,20220712,-13.0800,67,708,732,4630
13,20220713,597.9550,108,696,729,4630
13,20220714,3342.9250,105,696,666,4630
13,20220715,165.3900,39,816,626,4630
13,20220718,-987.0200,48,697,670,4630
13,20220719,184.1000,35,698,762,4630
13,20220720,940.1950,82,662,764,4630
13,20220721,1951.9800,73,671,671,4630
13,20220722,-709.1400,86,694,609,4630
13,20220725,147.4650,59,684,703,4630
13,20220726,-15.1550,47,523,896,4630
14,20220202,793.1150,124,39,1352,4630
14,20220203,678.1250,125,23,1375,4630
14,20220204,854.8550,173,46,1394,4630
14,20220207,238.5400,104,82,1262,4630
14,20220208,1714.5500,80,29,1352,4630
14,20220209,565.5100,51,513,899,4630
14,20220210,-1896.6550,147,11,1424,4630
14,20220211,-5526.1750,195,4,1424,4630
14,20220214,-75.6400,186,14,1426,4630
14,20220215,934.4900,74,201,1199,4630
14,20220216,610.6700,67,69,1371,4630
14,20220217,-629.7850,84,78,1334,4630
14,20220218,-1740.2650,161,27,1391,4630
14,20220222,-3602.1800,157,12,1425,4630
14,20220223,-4379.0350,159,22,1410,4630
14,20220224,10446.9000,315,11,1418,4630
14,20220225,7350.6300,188,33,1406,4630
14,20220228,237.4650,184,12,1425,4630
14,20220301,-4840.5900,191,8,1427,4630
14,20220302,5885.4900,174,19,1379,4630
14,20220727,3858.1800,68,611,830,4630
14,20220728,828.0300,53,406,993,4630
14,20220729,276.7700,52,694,741,4630
14,20220801,485.3450,97,714,721,4630
14,20220802,-217.9500,80,686,730,4630
14,20220803,379.2200,47,663,723,4630
14,20220804,781.2150,59,718,681,4630
14,20220805,-274.2900,71,697,740,4630
14,20220808,21.9200,67,710,687,4630
14,20220809,334.8850,51,699,669,4630
14,20220810,145.3800,38,693,546,4630
14,20220811,-656.1750,70,695,712,4630
14,20220812,23.9800,23,808,637,4630
14,20220815,-131.5950,28,797,643,4630
14,20220816,-89.4900,51,718,723,4630
14,20220817,-254.7750,85,715,674,4630
14,20220818,577.9300,43,703,574,4630
14,20220819,-340.2050,42,716,676,4630
14,20220822,-188.3300,42,708,718,4630
14,20220823,243.2600,76,713,721,4630
15,20220202,1241.8650,124,56,1335,4630
15,20220203,269.3750,125,21,1377,4630
15,20220204,2428.6050,173,55,1385,4630
15,20220207,941.0400,104,89,1255,4630
15,20220208,-417.9500,80,21,1360,4630
15,20220209,125.5100,51,531,881,4630
15,20220210,-2101.6550,147,11,1424,4630
15,20220211,-4067.4250,195,3,1425,4630
15,20220214,1078.1100,186,14,1426,4630
15,20220215,551.9900,74,244,1156,4630
15,20220216,481.9200,67,90,1350,4630
15,20220217,-572.2850,84,108,1304,4630
15,20220218,1497.2350,161,37,1381,4630
15,20220222,-1812.1800,157,10,1427,4630
15,20220223,-930.2850,159,22,1410,4630
15,20220224,6593.1500,315,14,1415,4630
15,20220225,2193.1300,188,42,1397,4630
15,20220228,-1863.7850,184,13,1424,4630
15,20220301,-1836.8400,191,7,1428,4630
15,20220302,2735.4900,174,14,1384,4630
15,20220824,218.5250,40,756,642,4630
15,20220825,222.2950,42,753,675,4630
15,20220826,-271.6000,90,663,689,4630
15,20220829,195.2350,86,688,736,4630
15,20220830,781.2300,123,669,743,4630
15,20220831,61.0700,107,668,768,4630
15,20220901,1366.6350,101,688,736,4630
15,20220902,-1969.3050,132,677,756,4630
15,20220906,89.6250,150,672,741,4630
15,20220907,621.8900,64,692,629,4630
15,20220908,3264.8300,108,713,715,4630
15,20220909,912.4050,53,812,612,4630
15,20220912,793.2000,70,722,613,4630
15,20220913,-1157.3050,82,653,698,4630
15,20220914,-227.8100,94,678,681,4630
15,20220915,-902.6200,113,560,874,4630
15,20220916,605.2750,90,688,738,4630
15,20220919,513.9750,85,649,788,4630
15,20220920,244.4600,71,668,754,4630
15,20220921,-4751.9300,182,529,916,4630
16,20220202,1400.6150,124,39,1352,4630
16,20220203,-93.1250,125,14,1384,4630
16,20220204,1829.8550,173,52,1388,4630
16,20220207,192.2900,104,81,1263,4630
16,20220208,-45.4500,80,17,1364,4630
16,20220209,165.5100,51,486,926,4630
16,20220210,-2061.6550,147,10,1425,4630
16,20220211,-5143.6750,195,4,1424,4630
16,20220214,901.8600,186,14,1426,4630
16,20220215,391.9900,74,234,1166,4630
16,20220216,538.1700,67,86,1354,4630
16,20220217,-572.2850,84,116,1296,4630
16,20220218,-15.2650,161,29,1389,4630
16,20220222,-4109.6800,157,11,1426,4630
16,20220223,-2975.2850,159,23,1409,4630
16,20220224,9543.1500,315,6,1423,4630
16,20220225,4608.1300,188,32,1407,4630
16,20220228,-892.5350,184,11,1426,4630
16,20220301,-4673.0900,191,4,1431,4630
16,20220302,5411.7400,174,16,1382,4630
16,20220922,93.4200,92,681,754,4630
16,20220923,202.1700,92,619,810,4630
16,20220926,427.6000,135,599,835,4630
16,20220927,-302.9150,146,657,774,4630
16,20220928,848.3700,87,643,778,4630
16,20220929,-155.0900,116,630,797,4630
16,20220930,-968.2350,114,619,812,4630
16,20221003,1366.3750,75,664,762,4630
16,20221004,620.6700,67,666,772,4630
16,20221005,1223.2900,79,653,787,4630
16,20221006,407.3900,114,627,791,4630
16,20221007,-600.4800,77,669,760,4630
16,20221010,1152.2900,104,681,756,4630
16,20221011,-1998.3950,98,676,764,4630
16,20221012,-269.0600,94,698,730,4630
16,20221013,8399.9400,244,672,761,4630
16,20221014,-1283.4400,156,673,743,4630
16,20221017,37.5450,67,704,730,4630
16,20221018,623.8000,130,575,862,4630
16,20221019,1290.9400,94,548,852,4630
17,20220303,-1582.1100,164,28,1385,4630
17,20220304,-954.5400,171,20,1408,4630
17,20220307,-4423.7950,183,24,1408,4630
17,20220308,859.9450,307,16,1414,4630
17,20220309,1849.5250,140,41,1376,4630
17,20220310,299.3450,122,36,1389,4630
17,20220311,-1366.1100,139,265,1175,4630
17,20220314,-2613.2050,117,668,750,4630
17,20220315,2443.6900,119,666,623,4630
17,20220316,6808.7150,184,614,814,4630
17,20220317,838.1800,68,665,809,4630
17,20220318,412.3850,51,700,738,4630
17,20220321,-715.7250,115,674,639,4630
17,20220322,176.7200,47,702,706,4630
17,20220323,562.5550,68,712,736,4630
17,20220324,556.7000,45,727,688,4630
17,20220325,289.6300,88,700,732,4630
17,20220328,-1052.5750,55,707,714,4630
17,20220329,53.7750,65,749,686,4630
17,20220330,324.1900,44,704,685,4630
17,20220331,221.6600,41,602,831,4630
17,20220401,-387.4150,71,709,722,4630
17,20220404,-13.5400,21,936,612,4630
17,20220405,256.2350,61,696,705,4630
17,20220406,2437.4800,123,690,747,4630
17,20220407,313.3600,86,699,727,4630
17,20220408,731.8700,62,676,762,4630
17,20220411,-65.8200,43,673,744,4630
17,20220412,-686.6300,87,692,738,4630
17,20220413,52.3250,45,795,734,4630
17,20220414,-243.7050,67,705,718,4630
17,20220418,-1532.3750,75,636,812,4630
17,20220419,53.6250,50,594,861,4630
17,20220420,122.4250,55,568,875,4630
17,20220421,-4245.0500,120,589,846,4630
17,20220422,-1703.4050,97,537,894,4630
17,20220425,3703.9150,204,667,769,4630
17,20220426,-1234.1350,149,356,1084,4630
17,20220427,582.6650,204,393,1008,4630
17,20220428,5370.6950,132,165,1273,4630
18,20220303,3364.1400,164,22,1391,4630
18,20220304,4054.2100,171,20,1408,4630
18,20220307,2419.9550,183,25,1407,4630
18,20220308,4069.9450,307,16,1414,4630
18,20220309,748.2750,140,56,1361,4630
18,20220310,603.0950,122,29,1396,4630
18,20220311,1537.6400,139,385,1055,4630
18,20220314,1108.0450,117,699,719,4630
18,20220315,-2398.8300,117,717,571,4630
18,20220316,-7921.2750,185,676,790,4630
18,20220317,-1190.6000,65,711,765,4630
18,20220318,-886.3650,51,731,707,4630
18,20220321,931.7750,115,684,629,4630
18,20220322,11.1350,51,706,700,4630
18,20220323,218.8150,69,706,739,4630
18,20220324,-138.9150,46,722,694,4630
18,20220325,-162.8800,87,711,720,4630
18,20220328,421.1750,55,706,715,4630
18,20220329,-243.7250,65,717,672,4630
18,20220330,347.9500,45,709,684,4630
18,20220429,2635.7450,137,563,875,4630
18,20220502,-4494.8500,265,588,852,4630
18,20220503,614.8950,177,554,861,4630
18,20220504,-20498.9700,228,682,755,4630
18,20220505,5589.2400,299,532,892,4630
18,20220506,2935.5700,307,620,818,4630
18,20220509,-1275.2600,224,577,859,4630
18,20220510,16.8600,311,587,853,4630
18,20220511,4291.2300,248,589,847,4630
18,20220512,2707.0750,270,510,925,4630
18,20220513,-3439.9900,126,668,766,4630
18,20220516,1171.5000,150,668,672,4630
18,20220517,-3200.0900,116,705,712,4630
18,20220518,2612.1850,156,542,895,4630
18,20220519,-352.4300,257,619,819,4630
18,20220520,356.9700,197,572,857,4630
18,20220523,-196.1100,139,694,732,4630
18,20220524,-366.8900,186,653,774,4630
18,20220525,-2410.7500,175,503,929,4630
18,20220526,-419.5000,50,670,751,4630
19,20220303,177.2650,164,28,1386,4630
19,20220304,-32.0400,171,20,1408,4630
19,20220307,-1615.0450,183,24,1408,4630
19,20220308,-3128.8050,307,16,1414,4630
19,20220309,1005.7750,140,40,1377,4630
19,20220310,1023.0950,122,38,1387,4630
19,20220311,805.1400,139,353,1087,4630
19,20220314,-1189.4550,117,688,730,4630
19,20220315,489.9200,117,701,585,4630
19,20220316,5681.8400,184,654,766,4630
19,20220317,714.4700,72,648,757,4630
19,20220318,7.3850,51,702,736,4630
19,20220321,-318.2250,115,681,632,4630
19,20220322,169.8850,51,705,700,4630
19,20220323,222.5650,69,705,740,4630
19,20220324,-130.8000,45,733,682,4630
19,20220325,-60.3800,87,707,724,4630
19,20220328,-350.0750,55,709,712,4630
19,20220329,556.2750,65,738,682,4630
19,20220330,530.4400,44,694,681,4630
19,20220527,-240.8800,37,675,749,4630
19,20220531,1743.7100,121,592,824,4630
19,20220601,1037.5300,128,659,742,4630
19,20220602,663.2700,77,691,749,4630
19,20220603,-97.7400,101,678,757,4630
19,20220606,664.0350,91,696,741,4630
19,20220607,-559.3100,69,704,726,4630
19,20220608,333.4600,96,712,721,4630
19,20220609,-715.2000,105,693,736,4630
19,20220610,1829.9800,123,641,774,4630
19,20220613,-353.7150,191,402,1015,4630
19,20220614,-733.4100,159,690,746,4630
19,20220615,4409.3750,250,675,761,4630
19,20220616,321.5500,155,529,909,4630
19,20220617,1154.3700,187,618,820,4630
19,20220621,81.1850,56,695,731,4630
19,20220622,450.2650,89,669,759,4630
19,20220623,-42.1450,98,697,729,4630
19,20220624,-172.1100,39,816,591,4630
19,20220627,310.8800,88,663,760,4630
20,20220303,1272.8900,164,37,1376,4630
20,20220304,1857.9600,171,20,1408,4630
20,20220307,-911.2950,183,24,1408,4630
20,20220308,3017.4450,307,16,1414,4630
20,20220309,819.5250,140,33,1384,4630
20,20220310,896.8450,122,37,1388,4630
20,20220311,778.8900,139,235,1205,4630
20,20220314,191.7950,117,672,746,4630
20,20220315,-1301.3300,117,682,604,4630
20,20220316,4238.1000,185,620,816,4630
20,20220317,464.4700,72,670,827,4630
20,20220318,321.8000,55,773,640,4630
20,20220321,-859.4750,115,670,643,4630
20,20220322,78.6350,51,701,706,4630
20,20220323,-114.9250,70,707,738,4630
20,20220324,178.5850,46,731,686,4630
20,20220325,779.6200,87,697,734,4630
20,20220328,128.7150,59,719,709,4630
20,20220329,390.0150,64,738,664,4630
20,20220330,95.4500,45,768,686,4630
20,20220628,-1795.1800,107,683,717,4630
20,20220629,-94.5650,106,702,722,4630
20,20220630,756.8650,124,595,802,4630
20,20220701,655.5750,120,685,743,4630
20,20220705,698.1050,123,670,758,4630
20,20220706,-357.5800,117,700,740,4630
20,20220707,193.4550,33,759,597,4630
20,20220708,-659.3000,70,699,631,4630
20,20220711,291.1150,49,700,715,4630
20,20220712,185.6700,67,706,736,4630
20,20220713,57.9550,108,687,738,4630
20,20220714,-202.0750,105,694,668,4630
20,20220715,-278.3600,39,816,622,4630
20,20220718,141.6900,44,709,690,4630
20,20220719,-212.1500,35,725,774,4630
20,20220720,223.9450,82,635,791,4630
20,20220721,-375.5200,73,647,695,4630
20,20220722,-221.6400,86,678,625,4630
20,20220725,393.7150,59,650,737,4630
20,20220726,789.8450,47,513,905,4630
21,20220303,4136.6400,164,20,1393,4630
21,20220304,2425.4600,171,20,1408,4630
21,20220307,3371.2050,183,24,1408,4630
21,20220308,-3172.5550,307,16,1414,4630
21,20220309,134.5250,140,26,1391,4630
21,20220310,628.0950,122,37,1388,4630
21,20220311,1962.6400,139,162,1278,4630
21,20220314,1633.0450,117,664,755,4630
21,20220315,-2734.4550,117,667,622,4630
21,20220316,-5863.7750,185,619,818,4630
21,20220317,-671.7700,73,568,820,4630
21,20220318,-1068.8650,51,681,757,4630
21,20220321,1533.0250,115,657,656,4630
21,20220322,86.1350,51,697,708,4630
21,20220323,733.8150,69,694,751,4630
21,20220324,-542.6650,46,717,699,4630
21,20220325,302.1200,87,692,739,4630
21,20220328,141.1750,55,696,725,4630
21,20220329,-920.6000,65,705,719,4630
21,20220330,532.9200,42,702,694,4630
21,20220727,-3627.4450,68,682,834,4630
21,20220728,-1059.4700,53,380,1019,4630
21,20220729,-420.7300,52,701,734,4630
21,20220801,44.0950,97,685,752,4630
21,20220802,-4.2000,80,669,747,4630
21,20220803,-1090.7800,47,662,724,4630
21,20220804,-292.5350,59,713,686,4630
21,20220805,413.2100,71,694,743,4630
21,20220808,1684.4200,67,697,700,4630
21,20220809,192.3850,51,700,670,4630
21,20220810,26.6400,39,754,548,4630
21,20220811,675.0750,70,692,715,4630
21,20220812,-406.0300,22,840,631,4630
21,20220815,-537.2300,27,867,583,4630
21,20220816,-269.4900,51,818,730,4630
21,20220817,1048.9750,85,709,680,4630
21,20220818,-20.8300,42,720,571,4630
21,20220819,-27.0700,43,765,686,4630
21,20220822,134.1700,42,715,718,4630
21,20220823,398.2600,76,698,736,4630
22,20220303,2920.3900,164,33,1380,4630
22,20220304,2765.4600,171,20,1408,4630
22,20220307,-1545.0450,183,24,1408,4630
22,20220308,-2920.0550,307,16,1414,4630
22,20220309,1087.0250,140,35,1382,4630
22,20220310,3146.8450,122,37,1388,4630
22,20220311,1198.8900,139,199,1241,4630
22,20220314,150.5450,117,663,756,4630
22,20220315,299.3150,119,667,628,4630
22,20220316,1287.4750,185,635,831,4630
22,20220317,697.6250,75,637,799,4630
22,20220318,89.8950,52,694,745,4630
22,20220321,-131.9750,115,657,656,4630
22,20220322,260.4700,47,695,713,4630
22,20220323,101.3150,69,698,752,4630
22,20220324,-241.4150,46,709,708,4630
22,20220325,-184.1300,87,685,746,4630
22,20220328,818.6750,55,690,731,4630
22,20220329,378.1500,65,705,720,4630
22,20220330,435.4200,42,705,698,4630
22,20220824,447.2550,38,772,645,4630
22,20220825,202.2950,42,761,681,4630
22,20220826,245.9000,90,647,705,4630
22,20220829,107.7350,86,685,739,4630
22,20220830,378.7300,123,674,738,4630
22,20220831,-323.9300,107,663,773,4630
22,20220901,1061.6350,101,679,745,4630
22,20220902,300.6950,132,668,765,4630
22,20220906,502.1250,150,672,741,4630
22,20220907,326.8900,64,688,633,4630
22,20220908,3099.8300,108,685,743,4630
22,20220909,620.5200,52,883,578,4630
22,20220912,571.3250,70,717,625,4630
22,20220913,955.1950,82,681,671,4630
22,20220914,457.1900,94,684,677,4630
22,20220915,212.3800,113,654,780,4630
22,20220916,-169.7250,90,682,744,4630
22,20220919,405.2250,85,654,783,4630
22,20220920,-198.0400,71,655,767,4630
22,20220921,-2178.2000,180,711,926,4630
23,20220303,3324.1400,164,33,1380,4630
23,20220304,1024.2100,171,20,1408,4630
23,20220307,-1653.7950,183,24,1408,4630
23,20220308,-3908.8050,307,16,1414,4630
23,20220309,1332.0250,140,33,1384,4630
23,20220310,3069.3450,122,37,1388,4630
23,20220311,812.6400,139,195,1245,4630
23,20220314,71.7950,117,664,755,4630
23,20220315,382.4400,119,667,623,4630
23,20220316,5033.0900,184,664,824,4630
23,20220317,406.3250,70,628,785,4630
23,20220318,-132.6050,52,691,748,4630
23,20220321,561.7750,115,658,655,4630
23,20220322,84.2200,47,697,712,4630
23,20220323,135.0550,68,695,753,4630
23,20220324,-253.9150,46,704,712,4630
23,20220325,-157.8800,87,687,744,4630
23,20220328,436.1750,55,692,729,4630
23,20220329,373.1500,65,703,721,4630
23,20220330,367.9400,44,681,695,4630
23,20220922,-435.3300,92,665,770,4630
23,20220923,887.1700,92,614,815,4630
23,20220926,837.6000,135,576,858,4630
23,20220927,315.8350,146,645,786,4630
23,20220928,-184.1300,87,639,782,4630
23,20220929,-348.8400,116,623,804,4630
23,20220930,-645.7350,114,593,838,4630
23,20221003,595.1250,75,660,766,4630
23,20221004,188.1700,67,660,778,4630
23,20221005,-170.4600,79,647,793,4630
23,20221006,1404.8900,114,617,801,4630
23,20221007,99.5200,77,659,770,4630
23,20221010,1254.7900,104,677,760,4630
23,20221011,-1493.3950,98,674,766,4630
23,20221012,-6.5600,94,681,747,4630
23,20221013,6281.1900,244,666,767,4630
23,20221014,575.3100,156,672,744,4630
23,20221017,-349.9550,67,681,753,4630
23,20221018,656.3000,130,557,880,4630
23,20221019,463.4400,94,527,873,4630
24,20220331,66.0650,44,599,829,4630
24,20220401,-283.7150,66,698,715,4630
24,20220404,7.7200,22,720,628,4630
24,20220405,-123.7650,61,700,701,4630
24,20220406,2174.9800,123,694,743,4630
24,20220407,1255.8600,86,706,720,4630
24,20220408,169.3700,62,679,759,4630
24,20220411,-182.0800,42,682,734,4630
24,20220412,-1562.2450,88,700,728,4630
24,20220413,429.8250,45,704,723,4630
24,20220414,30.0450,67,707,716,4630
24,20220418,-999.8750,75,613,802,4630
24,20220419,271.1350,51,571,862,4630
24,20220420,-190.0650,56,569,869,4630
24,20220421,-4078.8100,119,605,831,4630
24,20220422,-1990.9050,97,538,893,4630
24,20220425,4070.1650,204,682,754,4630
24,20220426,-1439.1350,149,407,1033,4630
24,20220427,293.9150,204,426,975,4630
24,20220428,3960.6950,132,254,1184,4630
24,20220429,-3454.2550,137,556,882,4630
24,20220502,-474.8500,265,587,853,4630
24,20220503,1671.1450,177,541,874,4630
24,20220504,22429.7800,228,678,759,4630
24,20220505,-4664.5100,299,526,898,4630
24,20220506,-750.6800,307,613,825,4630
24,20220509,-1114.0100,224,573,863,4630
24,20220510,813.1100,311,571,869,4630
24,20220511,-5483.7700,248,580,856,4630
24,20220512,-3817.9250,270,504,931,4630
24,20220513,1375.0100,126,661,773,4630
24,20220516,2609.0000,150,668,672,4630
24,20220517,3976.1600,116,702,715,4630
24,20220518,-4350.3150,156,541,896,4630
24,20220519,5581.3200,257,617,821,4630
24,20220520,-1546.7800,197,560,869,4630
24,20220523,2245.1400,139,697,729,4630
24,20220524,4663.1100,186,650,777,4630
24,20220525,4276.7500,175,488,944,4630
24,20220526,346.7500,50,671,748,4630
25,20220331,288.5650,44,604,824,4630
25,20220401,-178.7150,66,692,721,4630
25,20220404,0.2200,22,709,639,4630
25,20220405,-468.7650,61,699,702,4630
25,20220406,2327.4800,123,690,747,4630
25,20220407,887.1100,86,697,729,4630
25,20220408,566.8700,62,670,768,4630
25,20220411,-137.0800,42,672,744,4630
25,20220412,-1397.2450,88,693,735,4630
25,20220413,404.8250,45,691,736,4630
25,20220414,170.0450,67,701,722,4630
25,20220418,-1264.8750,75,614,801,4630
25,20220419,321.1350,51,578,855,4630
25,20220420,-110.0650,56,538,900,4630
25,20220421,-4298.7900,121,584,835,4630
25,20220422,-1263.4050,97,532,899,4630
25,20220425,4097.6650,204,671,765,4630
25,20220426,-1395.3850,149,420,1020,4630
25,20220427,-458.5850,204,406,995,4630
25,20220428,3289.4450,132,196,1242,4630
25,20220527,44.1200,37,670,754,4630
25,20220531,341.2100,121,581,835,4630
25,20220601,1093.7800,128,664,737,4630
25,20220602,2767.0200,77,704,736,4630
25,20220603,209.7600,101,679,756,4630
25,20220606,-714.7150,91,686,751,4630
25,20220607,761.9400,69,695,735,4630
25,20220608,-336.5400,96,713,720,4630
25,20220609,-506.4500,105,693,736,4630
25,20220610,759.9800,123,642,773,4630
25,20220613,-809.9650,191,540,877,4630
25,20220614,-492.1600,159,659,777,4630
25,20220615,10205.6350,251,652,787,4630
25,20220616,-458.4500,155,326,1112,4630
25,20220617,1955.6200,187,600,838,4630
25,20220621,319.9350,56,695,731,4630
25,20220622,185.2650,89,673,755,4630
25,20220623,-527.1450,98,683,743,4630
25,20220624,9.7650,39,763,643,4630
25,20220627,238.3800,88,664,759,4630
26,20220331,94.8150,44,599,830,4630
26,20220401,-527.4650,66,678,735,4630
26,20220404,151.4900,24,766,443,4630
26,20220405,-541.2650,61,691,710,4630
26,20220406,2622.4800,123,680,757,4630
26,20220407,1275.8600,86,692,734,4630
26,20220408,581.8700,62,671,767,4630
26,20220411,61.6800,43,676,741,4630
26,20220412,-1322.2450,88,678,750,4630
26,20220413,444.8250,45,686,741,4630
26,20220414,-309.9850,64,705,725,4630
26,20220418,-1719.8750,75,592,823,4630
26,20220419,96.1350,51,577,856,4630
26,20220420,227.4350,56,539,899,4630
26,20220421,-4551.3100,119,583,853,4630
26,20220422,-1960.9050,97,522,909,4630
26,20220425,4135.1650,204,668,768,4630
26,20220426,-1266.6350,149,357,1083,4630
26,20220427,497.6650,204,367,1034,4630
26,20220428,5255.6950,132,173,1265,4630
26,20220628,-3112.6800,107,683,717,4630
26,20220629,-690.8150,106,700,724,4630
26,20220630,984.3650,124,580,817,4630
26,20220701,1951.8250,120,683,745,4630
26,20220705,3363.1050,123,678,750,4630
26,20220706,2152.4200,117,692,748,4630
26,20220707,187.2050,33,731,626,4630
26,20220708,-350.5500,70,689,641,4630
26,20220711,184.8650,49,700,714,4630
26,20220712,716.9200,67,699,741,4630
26,20220713,992.9550,108,678,747,4630
26,20220714,2955.4250,105,687,675,4630
26,20220715,-22.1100,39,758,680,4630
26,20220718,-1122.0200,48,676,691,4630
26,20220719,-79.6600,34,720,774,4630
26,20220720,1002.6950,82,632,794,4630
26,20220721,1340.7300,73,649,693,4630
26,20220722,-1181.6400,86,678,625,4630
26,20220725,253.7150,59,650,737,4630
26,20220726,22.3450,47,518,900,4630
27,20220331,241.0650,44,583,845,4630
27,20220401,1008.7850,66,671,742,4630
27,20220404,-234.7800,22,775,624,4630
27,20220405,452.4850,61,687,714,4630
27,20220406,2259.9800,123,676,761,4630
27,20220407,1395.8600,86,687,739,4630
27,20220408,-586.8800,62,669,769,4630
27,20220411,-92.0800,42,666,750,4630
27,20220412,-970.9950,88,671,757,4630
27,20220413,-631.4250,45,675,752,4630
27,20220414,673.7950,67,693,730,4630
27,20220418,206.3750,75,580,833,4630
27,20220419,48.6350,51,572,861,4630
27,20220420,124.9350,56,544,894,4630
27,20220421,-652.5500,120,554,855,4630
27,20220422,1104.0950,97,522,909,4630
27,20220425,4826.4150,204,649,787,4630
27,20220426,-1494.1350,149,329,1111,4630
27,20220427,-822.3350,204,369,1032,4630
27,20220428,1546.9450,132,166,1272,4630
27,20220727,3914.4400,69,604,837,4630
27,20220728,-859.4700,53,407,992,4630
27,20220729,-160.7300,52,690,745,4630
27,20220801,591.5950,97,698,737,4630
27,20220802,-742.9500,80,680,736,4630
27,20220803,-573.2800,47,663,723,4630
27,20220804,-323.7850,59,714,685,4630
27,20220805,668.2100,71,692,745,4630
27,20220808,1671.9200,67,699,698,4630
27,20220809,82.3850,51,696,672,4630
27,20220810,182.8800,38,685,554,4630
27,20220811,1361.3250,70,689,718,4630
27,20220812,-448.5200,23,888,652,4630
27,20220815,-504.7200,28,796,537,4630
27,20220816,-128.2300,52,714,725,4630
27,20220817,122.7250,85,710,679,4630
27,20220818,-57.0700,43,696,581,4630
27,20220819,179.7950,42,707,685,4630
27,20220822,-320.8300,42,703,724,4630
27,20220823,425.7600,76,709,725,4630
28,20220331,548.5650,44,588,840,4630
28,20220401,475.0350,66,670,743,4630
28,20220404,61.4700,22,724,642,4630
28,20220405,522.4850,61,674,727,4630
28,20220406,2106.2300,123,672,765,4630
28,20220407,1409.6100,86,684,742,4630
28,20220408,564.3700,62,668,770,4630
28,20220411,-130.8300,42,665,751,4630
28,20220412,-1217.2450,88,671,757,4630
28,20220413,159.8250,45,674,753,4630
28,20220414,268.7950,67,679,744,4630
28,20220418,-779.8750,75,574,839,4630
28,20220419,138.6350,51,577,856,4630
28,20220420,279.9350,56,542,896,4630
28,20220421,-1885.0500,120,562,847,4630
28,20220422,-133.4050,97,522,909,4630
28,20220425,3341.4150,204,656,780,4630
28,20220426,-1020.3850,149,367,1073,4630
28,20220427,-893.5850,204,392,1009,4630
28,20220428,2308.1950,132,183,1255,4630
28,20220824,173.5350,41,717,658,4630
28,20220825,887.2950,42,719,687,4630
28,20220826,200.9000,90,655,697,4630
28,20220829,305.2350,86,682,742,4630
28,20220830,501.2300,123,668,744,4630
28,20220831,-621.4300,107,666,770,4630
28,20220901,951.6350,101,673,751,4630
28,20220902,-1879.3050,132,669,764,4630
28,20220906,1742.1250,150,671,742,4630
28,20220907,589.3900,64,674,647,4630
28,20220908,2712.3300,108,701,727,4630
28,20220909,758.0300,53,795,634,4630
28,20220912,674.4500,70,712,621,4630
28,20220913,-967.3050,82,654,697,4630
28,20220914,423.4400,94,675,684,4630
28,20220915,-105.1200,113,548,886,4630
28,20220916,650.2750,90,667,759,4630
28,20220919,1357.7250,85,649,788,4630
28,20220920,909.4600,71,667,755,4630
28,20220921,-3079.4300,182,536,907,4630
29,20220331,358.5650,44,590,838,4630
29,20220401,630.0350,66,671,742,4630
29,20220404,5.2200,22,724,637,4630
29,20220405,567.4850,61,676,725,4630
29,20220406,2407.4800,123,673,764,4630
29,20220407,1719.6100,86,685,741,4630
29,20220408,456.8700,62,668,770,4630
29,20220411,-18.3300,42,666,750,4630
29,20220412,-1182.2450,88,667,761,4630
29,20220413,204.8250,45,673,754,4630
29,20220414,387.5450,67,687,736,4630
29,20220418,-552.3750,75,580,833,4630
29,20220419,171.1350,51,577,856,4630
29,20220420,257.4350,56,553,885,4630
29,20220421,-1687.5500,120,561,848,4630
29,20220422,-170.9050,97,527,904,4630
29,20220425,3431.4150,204,658,778,4630
29,20220426,-1467.8850,149,379,1061,4630
29,20220427,-768.5850,204,406,995,4630
29,20220428,2308.1950,132,182,1256,4630
29,20220922,417.1700,92,671,764,4630
29,20220923,694.6700,92,620,809,4630
29,20220926,405.1000,135,604,830,4630
29,20220927,832.0850,146,660,771,4630
29,20220928,155.8700,87,650,771,4630
29,20220929,-680.0900,116,629,798,4630
29,20220930,-1130.7350,114,610,821,4630
29,20221003,383.8750,75,669,757,4630
29,20221004,645.0350,66,665,768,4630
29,20221005,628.2900,79,657,783,4630
29,20221006,1324.8900,114,621,797,4630
29,20221007,-499.2300,77,661,768,4630
29,20221010,1157.2900,104,675,762,4630
29,20221011,-1923.3950,98,671,769,4630
29,20221012,-419.0600,94,688,740,4630
29,20221013,7404.9400,244,670,763,4630
29,20221014,1000.3100,156,670,746,4630
29,20221017,-319.9550,67,693,741,4630
29,20221018,513.8000,130,571,866,4630
29,20221019,573.4400,94,540,860,4630
30,20220429,-1039.2550,137,556,882,4630
30,20220502,-999.8500,265,591,849,4630
30,20220503,1209.8950,177,550,865,4630
30,20220504,4122.2800,228,677,760,4630
30,20220505,-783.2600,299,534,890,4630
30,20220506,-336.9300,307,622,816,4630
30,20220509,-474.0100,224,583,853,4630
30,20220510,2831.8600,311,571,869,4630
30,20220511,-1851.2700,248,570,866,4630
30,20220512,-3191.6750,270,498,937,4630
30,20220513,-1962.4900,126,658,776,4630
30,20220516,2272.7500,150,668,672,4630
30,20220517,1529.9100,116,703,714,4630
30,20220518,-2839.0650,156,533,904,4630
30,20220519,3528.8200,257,612,826,4630
30,20220520,1253.2200,197,580,849,4630
30,20220523,758.8900,139,699,727,4630
30,20220524,3279.3600,186,651,776,4630
30,20220525,1156.7500,175,497,935,4630
30,20220526,146.7500,50,670,749,4630
30,20220527,-268.3800,37,686,738,4630
30,20220531,1174.9600,121,580,836,4630
30,20220601,997.5300,128,669,732,4630
30,20220602,792.0200,77,708,732,4630
30,20220603,-412.7400,101,684,751,4630
30,20220606,804.0350,91,700,737,4630
30,20220607,24.4400,69,704,726,4630
30,20220608,544.7100,96,715,718,4630
30,20220609,-781.4500,105,701,728,4630
30,20220610,967.4800,123,637,778,4630
30,20220613,-1707.4650,191,552,865,4630
30,20220614,125.3400,159,636,800,4630
30,20220615,8439.3850,251,647,792,4630
30,20220616,-1082.2000,155,385,1053,4630
30,20220617,1599.3700,187,608,830,4630
30,20220621,-92.5650,56,698,728,4630
30,20220622,339.0150,89,678,750,4630
30,20220623,282.8550,98,699,727,4630
30,20220624,-22.7350,39,793,613,4630
30,20220627,607.1300,88,678,745,4630
31,20220429,-1264.2550,137,544,894,4630
31,20220502,1040.1500,265,583,857,4630
31,20220503,1034.8950,177,507,908,4630
31,20220504,18707.2800,228,671,766,4630
31,20220505,3462.9900,299,514,910,4630
31,20220506,-439.4300,307,612,826,4630
31,20220509,-1039.0100,224,564,872,4630
31,20220510,2695.6100,311,537,903,4630
31,20220511,-2567.5200,248,569,867,4630
31,20220512,-2237.9250,270,454,981,4630
31,20220513,-3167.4900,126,648,786,4630
31,20220516,2514.0000,150,666,674,4630
31,20220517,2638.6600,116,696,721,4630
31,20220518,-1461.5650,156,534,903,4630
31,20220519,-217.4300,257,612,826,4630
31,20220520,-173.0300,197,554,875,4630
31,20220523,208.8900,139,697,729,4630
31,20220524,1759.3600,186,652,775,4630
31,20220525,4583.0000,175,445,987,4630
31,20220526,-295.7600,49,679,751,4630
31,20220628,-750.1800,107,696,704,4630
31,20220629,852.9350,106,711,713,4630
31,20220630,214.3650,124,582,815,4630
31,20220701,1708.0750,120,694,734,4630
31,20220705,198.1050,123,688,740,4630
31,20220706,349.9200,117,710,730,4630
31,20220707,-139.0450,33,770,584,4630
31,20220708,713.2000,70,707,623,4630
31,20220711,84.8650,49,707,707,4630
31,20220712,706.9200,67,707,733,4630
31,20220713,-228.2950,108,691,734,4630
31,20220714,789.1750,105,704,658,4630
31,20220715,111.6400,39,803,635,4630
31,20220718,-369.5200,48,683,684,4630
31,20220719,-257.7750,35,701,777,4630
31,20220720,355.1950,82,633,793,4630
31,20220721,-741.7700,73,654,688,4630
31,20220722,567.1100,86,682,621,4630
31,20220725,427.4650,59,662,725,4630
31,20220726,689.8450,47,521,897,4630
32,20220429,3469.4950,137,544,894,4630
32,20220502,-5016.1000,265,571,869,4630
32,20220503,657.3950,177,515,900,4630
32,20220504,-21395.2200,228,667,770,4630
32,20220505,9287.9900,299,517,907,4630
32,20220506,4391.8200,307,583,855,4630
32,20220509,-939.0100,224,542,894,4630
32,20220510,2479.3600,311,545,895,4630
32,20220511,1148.7300,248,558,878,4630
32,20220512,3019.5750,270,448,987,4630
32,20220513,-2096.2400,126,634,800,4630
32,20220516,717.7500,150,658,682,4630
32,20220517,-3553.8400,116,692,725,4630
32,20220518,2979.6850,156,524,913,4630
32,20220519,-5284.9300,257,604,834,4630
32,20220520,-1221.7800,197,515,914,4630
32,20220523,-1972.3600,139,670,756,4630
32,20220524,-3451.8900,186,645,782,4630
32,20220525,-3690.7500,175,425,1007,4630
32,20220526,-623.2500,50,633,786,4630
32,20220727,-3840.5700,68,614,827,4630
32,20220728,-624.4700,53,403,996,4630
32,20220729,-388.2300,52,705,730,4630
32,20220801,-665.9050,97,703,732,4630
32,20220802,9.5500,80,681,735,4630
32,20220803,-908.2800,47,666,720,4630
32,20220804,-350.0350,59,720,679,4630
32,20220805,445.7100,71,700,737,4630
32,20220808,1584.4200,67,711,686,4630
32,20220809,224.8850,51,701,667,4630
32,20220810,-69.6200,38,703,536,4630
32,20220811,777.5750,70,697,710,4630
32,20220812,-259.7700,23,812,633,4630
32,20220815,-494.7200,28,816,524,4630
32,20220816,-421.9900,51,713,726,4630
32,20220817,947.7250,85,715,674,4630
32,20220818,-242.0700,43,711,566,4630
32,20220819,-65.2050,42,712,680,4630
32,20220822,264.1700,42,710,716,4630
32,20220823,555.7600,76,707,727,4630
33,20220429,225.7450,137,549,889,4630
33,20220502,-5028.6000,265,581,859,4630
33,20220503,1348.6450,177,522,893,4630
33,20220504,-3083.9700,228,673,764,4630
33,20220505,5939.2400,299,531,893,4630
33,20220506,2275.5700,307,591,847,4630
33,20220509,-1987.7600,224,551,885,4630
33,20220510,123.1100,311,555,885,4630
33,20220511,-1091.2700,248,571,865,4630
33,20220512,528.3250,270,499,936,4630
33,20220513,-2533.7400,126,639,795,4630
33,20220516,1060.2500,150,658,682,4630
33,20220517,1064.9100,116,688,729,4630
33,20220518,-762.8150,156,541,896,4630
33,20220519,2973.8200,257,614,824,4630
33,20220520,391.9700,197,540,889,4630
33,20220523,490.1400,139,679,747,4630
33,20220524,-480.6400,186,645,782,4630
33,20220525,-165.7500,175,461,971,4630
33,20220526,-313.2500,50,639,780,4630
33,20220824,516.0350,41,730,645,4630
33,20220825,198.5550,43,743,672,4630
33,20220826,933.4000,90,653,699,4630
33,20220829,-232.2650,86,692,732,4630
33,20220830,458.7300,123,684,728,4630
33,20220831,-221.4300,107,669,767,4630
33,20220901,1046.6350,101,692,732,4630
33,20220902,-461.8050,132,676,757,4630
33,20220906,2149.6250,150,686,727,4630
33,20220907,526.8900,64,699,622,4630
33,20220908,3272.3300,108,708,720,4630
33,20220909,726.1550,53,817,607,4630
33,20220912,1019.4500,70,721,614,4630
33,20220913,-846.6400,86,661,688,4630
33,20220914,-190.3100,94,692,667,4630
33,20220915,-98.8700,113,564,870,4630
33,20220916,-209.7250,90,685,741,4630
33,20220919,73.9750,85,659,778,4630
33,20220920,-508.0400,71,667,755,4630
33,20220921,2891.8400,184,578,911,4630
34,20220429,413.2450,137,550,888,4630
34,20220502,-5114.8500,265,578,862,4630
34,20220503,1022.3950,177,522,893,4630
34,20220504,-8846.4700,228,673,764,4630
34,20220505,6929.2400,299,529,895,4630
34,20220506,2508.0700,307,588,850,4630
34,20220509,-1676.5100,224,552,884,4630
34,20220510,1160.6100,311,553,887,4630
34,20220511,-1668.7700,248,564,872,4630
34,20220512,1092.0750,270,485,950,4630
34,20220513,-3000.6550,122,642,794,4630
34,20220516,1980.2500,150,660,680,4630
34,20220517,-71.3400,116,688,729,4630
34,20220518,-342.8150,156,527,910,4630
34,20220519,3776.3200,257,610,828,4630
34,20220520,163.2200,197,537,892,4630
34,20220523,450.1400,139,678,748,4630
34,20220524,-43.1400,186,644,783,4630
34,20220525,-1293.2500,175,458,974,4630
34,20220526,-323.2500,50,641,778,4630
34,20220922,-710.3300,92,672,763,4630
34,20220923,602.1700,92,616,813,4630
34,20220926,576.3500,135,590,844,4630
34,20220927,2088.3350,146,650,781,4630
34,20220928,-571.6300,87,653,768,4630
34,20220929,-622.5900,116,631,796,4630
34,20220930,408.0150,114,594,837,4630
34,20221003,878.8750,75,667,759,4630
34,20221004,420.0350,66,666,767,4630
34,20221005,-586.7100,79,664,776,4630
34,20221006,1339.8900,114,652,766,4630
34,20221007,335.7700,77,673,756,4630
34,20221010,829.7900,104,693,744,4630
34,20221011,-573.3950,98,685,755,4630
34,20221012,898.4400,94,700,728,4630
34,20221013,2902.4400,244,674,759,4630
34,20221014,1417.8100,156,672,744,4630
34,20221017,-339.9550,67,700,734,4630
34,20221018,-992.4500,130,551,886,4630
34,20221019,1025.9400,94,543,857,4630
35,20220527,-513.3800,37,672,752,4630
35,20220531,-1163.7900,121,583,833,4630
35,20220601,1476.2800,128,652,749,4630
35,20220602,-1490.4800,77,699,741,4630
35,20220603,-436.4900,101,671,764,4630
35,20220606,2554.0350,91,681,756,4630
35,20220607,191.9400,69,700,730,4630
35,20220608,920.9600,96,711,722,4630
35,20220609,-135.2000,105,691,738,4630
35,20220610,1303.7300,123,624,791,4630
35,20220613,-1956.2150,191,517,900,4630
35,20220614,1199.0900,159,639,797,4630
35,20220615,9736.8850,251,641,798,4630
35,20220616,-107.2000,155,304,1134,4630
35,20220617,361.8700,187,596,842,4630
35,20220621,-37.5650,56,691,735,4630
35,20220622,205.2650,89,668,760,4630
35,20220623,1921.6050,98,683,743,4630
35,20220624,-318.9850,39,875,535,4630
35,20220627,159.6300,88,658,765,4630
35,20220628,489.8200,107,690,710,4630
35,20220629,1167.9350,106,706,718,4630
35,20220630,-580.6350,124,609,788,4630
35,20220701,558.0750,120,689,739,4630
35,20220705,-821.8950,123,679,749,4630
35,20220706,664.9200,117,693,745,4630
35,20220707,25.9050,28,740,701,4630
35,20220708,706.9500,70,702,628,4630
35,20220711,102.3650,49,703,711,4630
35,20220712,591.9200,67,698,742,4630
35,20220713,-285.7950,108,687,738,4630
35,20220714,-440.8250,105,690,672,4630
35,20220715,144.1400,39,775,663,4630
35,20220718,-173.2700,48,678,689,4630
35,20220719,-157.7150,41,654,773,4630
35,20220720,290.1950,82,639,787,4630
35,20220721,-1339.2700,73,659,683,4630
35,20220722,742.1100,86,691,612,4630
35,20220725,27.4650,59,669,718,4630
35,20220726,658.5950,47,502,917,4630
36,20220527,-380.8800,37,651,773,4630
36,20220531,-1078.7900,121,558,858,4630
36,20220601,2723.7800,128,618,783,4630
36,20220602,-1462.9800,77,685,755,4630
36,20220603,-61.4900,101,662,773,4630
36,20220606,1896.5350,91,676,761,4630
36,20220607,1001.9400,69,685,745,4630
36,20220608,762.2100,96,710,723,4630
36,20220609,-322.7000,105,680,749,4630
36,20220610,1481.2300,123,627,788,4630
36,20220613,-3667.4650,191,504,913,4630
36,20220614,714.0900,159,638,798,4630
36,20220615,9684.3850,251,633,806,4630
36,20220616,-19.7000,155,337,1101,4630
36,20220617,433.1200,187,574,864,4630
36,20220621,152.4350,56,682,744,4630
36,20220622,516.5150,89,653,775,4630
36,20220623,2060.3550,98,673,753,4630
36,20220624,-410.2350,39,774,632,4630
36,20220627,440.8800,88,635,788,4630
36,20220727,2905.0650,69,658,841,4630
36,20220728,-929.4700,53,373,1026,4630
36,20220729,-420.7300,52,692,743,4630
36,20220801,829.0950,97,693,742,4630
36,20220802,-511.7000,80,677,739,4630
36,20220803,-983.2800,47,660,726,4630
36,20220804,-135.0350,59,727,672,4630
36,20220805,253.2100,71,696,741,4630
36,20220808,1751.9200,67,700,697,4630
36,20220809,259.8850,51,697,671,4630
36,20220810,152.8800,38,687,552,4630
36,20220811,265.0750,70,695,712,4630
36,20220812,-112.2700,23,771,675,4630
36,20220815,-514.7200,28,748,583,4630
36,20220816,-36.9900,51,712,727,4630
36,20220817,420.2250,85,712,677,4630
36,20220818,-74.5700,43,701,576,4630
36,20220819,-75.2050,42,709,683,4630
36,20220822,106.6700,42,707,720,4630
36,20220823,500.7600,76,710,724,4630
37,20220527,-167.1300,37,650,774,4630
37,20220531,-81.2900,121,569,847,4630
37,20220601,2251.2800,128,626,775,4630
37,20220602,672.0200,77,683,757,4630
37,20220603,-1005.2400,101,661,774,4630
37,20220606,869.0350,91,673,764,4630
37,20220607,536.9400,69,678,752,4630
37,20220608,824.7100,96,706,727,4630
37,20220609,-1271.4500,105,679,750,4630
37,20220610,1401.2300,123,624,791,4630
37,20220613,-2622.4650,191,518,899,4630
37,20220614,389.0900,159,625,811,4630
37,20220615,6461.8850,251,626,813,4630
37,20220616,-740.9500,155,309,1129,4630
37,20220617,828.1200,187,575,863,4630
37,20220621,312.4350,56,683,743,4630
37,20220622,614.0150,89,653,775,4630
37,20220623,910.3550,98,666,760,4630
37,20220624,-22.7350,39,754,652,4630
37,20220627,599.6300,88,626,797,4630
37,20220824,631.0350,41,706,669,4630
37,20220825,363.5450,42,717,686,4630
37,20220826,-242.8500,90,661,691,4630
37,20220829,-187.2650,86,687,737,4630
37,20220830,676.2300,123,666,746,4630
37,20220831,-216.4300,107,666,770,4630
37,20220901,1069.1350,101,685,739,4630
37,20220902,90.6950,132,672,761,4630
37,20220906,925.8750,150,673,740,4630
37,20220907,46.8900,64,691,630,4630
37,20220908,3189.8300,108,703,725,4630
37,20220909,774.9050,53,752,672,4630
37,20220912,678.2000,70,712,621,4630
37,20220913,-1292.8900,86,646,703,4630
37,20220914,-57.8100,94,678,681,4630
37,20220915,-963.8700,113,589,845,4630
37,20220916,300.2750,90,683,743,4630
37,20220919,485.2250,85,654,783,4630
37,20220920,1014.4600,71,667,755,4630
37,20220921,-2130.6800,182,531,912,4630
38,20220527,-280.8800,37,652,772,4630
38,20220531,-933.7900,121,569,847,4630
38,20220601,2116.2800,128,629,772,4630
38,20220602,234.5200,77,684,756,4630
38,20220603,-1152.7400,101,662,773,4630
38,20220606,591.5350,91,675,762,4630
38,20220607,1018.1900,69,677,753,4630
38,20220608,725.9600,96,707,726,4630
38,20220609,-1938.9500,105,680,749,4630
38,20220610,1516.2300,123,624,791,4630
38,20220613,-2284.9650,191,515,902,4630
38,20220614,421.5900,159,623,813,4630
38,20220615,9389.3850,251,629,810,4630
38,20220616,-524.7000,155,356,1082,4630
38,20220617,813.1200,187,582,856,4630
38,20220621,199.9350,56,683,743,4630
38,20220622,161.5150,89,655,773,4630
38,20220623,1962.8550,98,667,759,4630
38,20220624,-10.2350,39,761,645,4630
38,20220627,654.6300,88,624,799,4630
38,20220922,95.9200,92,673,762,4630
38,20220923,1447.1700,92,623,806,4630
38,20220926,885.1000,135,584,850,4630
38,20220927,1629.5850,146,658,773,4630
38,20220928,500.8700,87,641,780,4630
38,20220929,12.4100,116,614,813,4630
38,20220930,-510.7350,114,600,831,4630
38,20221003,656.3750,75,668,758,4630
38,20221004,437.5350,66,663,770,4630
38,20221005,575.7900,79,649,791,4630
38,20221006,1052.3900,114,626,792,4630
38,20221007,-65.4800,77,663,766,4630
38,20221010,1647.2900,104,676,761,4630
38,20221011,-1725.8950,98,678,762,4630
38,20221012,-221.5600,94,696,732,4630
38,20221013,8007.4400,244,670,763,4630
38,20221014,785.3100,156,672,744,4630
38,20221017,-204.9550,67,695,739,4630
38,20221018,101.3000,130,564,873,4630
38,20221019,1243.4400,94,548,852,4630
39,20220628,1006.0700,107,670,730,4630
39,20220629,1031.6850,106,686,738,4630
39,20220630,-3714.3850,124,572,825,4630
39,20220701,1335.5750,120,681,747,4630
39,20220705,-5.6450,123,667,761,4630
39,20220706,2912.4200,117,682,756,4630
39,20220707,8.4050,28,815,672,4630
39,20220708,1308.2000,70,686,644,4630
39,20220711,302.3650,49,698,716,4630
39,20220712,-483.0800,67,689,751,4630
39,20220713,649.2050,108,667,758,4630
39,20220714,-434.5750,105,682,680,4630
39,20220715,140.3900,39,794,657,4630
39,20220718,-1152.0200,48,670,697,4630
39,20220719,-251.4650,41,633,797,4630
39,20220720,607.6950,82,604,822,4630
39,20220721,-655.5200,73,635,707,4630
39,20220722,1284.6100,86,673,630,4630
39,20220725,-517.5350,59,639,748,4630
39,20220726,191.0950,47,507,911,4630
39,20220727,3973.8250,70,630,838,4630
39,20220728,-469.4700,53,399,1000,4630
39,20220729,-170.7300,52,730,706,4630
39,20220801,691.5950,97,683,752,4630
39,20220802,-1201.7000,80,679,737,4630
39,20220803,-453.2800,47,664,723,4630
39,20220804,-128.7850,59,696,703,4630
39,20220805,680.7100,71,694,743,4630
39,20220808,1799.4200,67,695,702,4630
39,20220809,299.8850,51,696,672,4630
39,20220810,94.1000,35,748,718,4630
39,20220811,405.0750,70,690,717,4630
39,20220812,-364.7700,23,1023,484,4630
39,20220815,-394.7000,30,1024,469,4630
39,20220816,-381.9900,51,729,731,4630
39,20220817,-187.2750,85,703,686,4630
39,20220818,60.4300,43,748,529,4630
39,20220819,-363.9550,42,711,702,4630
39,20220822,16.0650,44,736,722,4630
39,20220823,380.7600,76,699,735,4630
40,20220628,-1298.9300,107,665,735,4630
40,20220629,322.9350,106,684,740,4630
40,20220630,-1720.6350,124,582,815,4630
40,20220701,2638.0750,120,670,758,4630
40,20220705,1886.8550,123,662,766,4630
40,20220706,2042.4200,117,675,763,4630
40,20220707,173.4450,32,804,691,4630
40,20220708,1349.4500,70,680,650,4630
40,20220711,13.6150,49,696,718,4630
40,20220712,-498.0800,67,679,761,4630
40,20220713,960.4550,108,663,762,4630
40,20220714,1275.4250,105,676,686,4630
40,20220715,297.8900,39,783,666,4630
40,20220718,-890.8100,44,682,702,4630
40,20220719,-55.8900,36,689,788,4630
40,20220720,1072.6950,82,616,810,4630
40,20220721,258.2300,73,621,721,4630
40,20220722,760.8600,86,665,638,4630
40,20220725,-41.2850,59,632,755,4630
40,20220726,-37.6650,46,516,911,4630
40,20220824,525.4000,40,788,573,4630
40,20220825,486.0450,42,757,645,4630
40,20220826,-350.3500,90,655,697,4630
40,20220829,-289.7650,86,682,742,4630
40,20220830,851.2300,123,668,744,4630
40,20220831,-576.4300,107,664,772,4630
40,20220901,1309.1350,101,676,748,4630
40,20220902,715.6950,132,667,766,4630
40,20220906,1507.1250,150,671,742,4630
40,20220907,1054.3900,64,675,646,4630
40,20220908,2894.8300,108,695,733,4630
40,20220909,884.2900,54,878,640,4630
40,20220912,925.7000,70,739,624,4630
40,20220913,-1343.5550,82,656,695,4630
40,20220914,-200.3100,94,677,682,4630
40,20220915,-146.3700,113,541,893,4630
40,20220916,1496.5250,90,675,751,4630
40,20220919,1240.2250,85,649,788,4630
40,20220920,684.4600,71,668,754,4630
40,20220921,-4960.0450,183,521,924,4630
41,20220628,-1353.9300,107,669,731,4630
41,20220629,272.9350,106,682,742,4630
41,20220630,-2016.8850,124,575,822,4630
41,20220701,2523.0750,120,674,754,4630
41,20220705,1325.6050,123,662,766,4630
41,20220706,1837.4200,117,679,759,4630
41,20220707,123.4450,32,834,661,4630
41,20220708,1156.9500,70,682,648,4630
41,20220711,-111.3850,49,697,717,4630
41,20220712,-500.5800,67,687,753,4630
41,20220713,832.9550,108,662,763,4630
41,20220714,866.6750,105,677,685,4630
41,20220715,377.8900,39,802,646,4630
41,20220718,-859.5600,44,671,700,4630
41,20220719,-198.9950,38,652,786,4630
41,20220720,785.1950,82,614,812,4630
41,20220721,151.9800,73,627,715,4630
41,20220722,840.8600,86,672,631,4630
41,20220725,44.9650,59,630,757,4630
41,20220726,328.5950,47,508,910,4630
41,20220922,80.9200,92,669,766,4630
41,20220923,1182.1700,92,617,812,4630
41,20220926,1277.6000,135,572,862,4630
41,20220927,1759.5850,146,653,778,4630
41,20220928,-81.6300,87,643,778,4630
41,20220929,-25.0900,116,624,803,4630
41,20220930,-908.2350,114,593,838,4630
41,20221003,923.8750,75,665,761,4630
41,20221004,498.1600,66,664,770,4630
41,20221005,829.5400,79,659,781,4630
41,20221006,1054.8900,114,616,802,4630
41,20221007,-521.7300,77,660,769,4630
41,20221010,591.0400,104,677,760,4630
41,20221011,-2037.1450,98,674,766,4630
41,20221012,-171.5600,94,685,743,4630
41,20221013,7087.4400,244,671,762,4630
41,20221014,1155.3100,156,672,744,4630
41,20221017,60.0450,67,693,741,4630
41,20221018,-684.9500,130,544,893,4630
41,20221019,1205.9400,94,531,869,4630
42,20220727,4051.9400,69,701,828,4630
42,20220728,984.2800,53,413,987,4630
42,20220729,389.2700,52,722,714,4630
42,20220801,355.3450,97,683,752,4630
42,20220802,399.5500,80,683,733,4630
42,20220803,856.7200,47,663,724,4630
42,20220804,863.7150,59,692,707,4630
42,20220805,-64.2900,71,693,744,4630
42,20220808,-1190.5800,67,693,704,4630
42,20220809,144.8850,51,693,675,4630
42,20220810,164.1200,37,730,542,4630
42,20220811,-836.1750,70,688,719,4630
42,20220812,553.9800,23,968,499,4630
42,20220815,205.2800,28,932,459,4630
42,20220816,-45.7300,52,715,730,4630
42,20220817,-457.2750,85,702,687,4630
42,20220818,512.9300,43,730,547,4630
42,20220819,-335.2050,42,713,685,4630
42,20220822,-13.2800,47,748,716,4630
42,20220823,-26.7400,76,700,734,4630
42,20220824,532.9000,40,799,562,4630
42,20220825,96.0450,42,759,643,4630
42,20220826,-2791.6000,90,658,694,4630
42,20220829,1475.2350,86,691,733,4630
42,20220830,371.2300,123,673,739,4630
42,20220831,13.5700,107,666,770,4630
42,20220901,1511.6350,101,688,736,4630
42,20220902,-4356.8050,132,672,761,4630
42,20220906,-859.1250,150,671,742,4630
42,20220907,1326.8900,64,691,630,4630
42,20220908,1407.3300,108,695,733,4630
42,20220909,661.1450,52,833,630,4630
42,20220912,321.9500,70,740,624,4630
42,20220913,-1418.5550,82,665,690,4630
42,20220914,-566.5600,94,679,680,4630
42,20220915,-1067.6200,113,539,895,4630
42,20220916,619.0250,90,681,745,4630
42,20220919,470.2250,85,657,780,4630
42,20220920,481.9600,71,664,758,4630
42,20220921,-4308.1600,184,522,930,4630
43,20220727,3883.1800,68,606,835,4630
43,20220728,424.2800,53,409,991,4630
43,20220729,74.2700,52,726,710,4630
43,20220801,860.3450,97,681,754,4630
43,20220802,32.0500,80,677,739,4630
43,20220803,516.7200,47,664,723,4630
43,20220804,546.2150,59,686,713,4630
43,20220805,660.7100,71,690,747,4630
43,20220808,646.9200,67,688,709,4630
43,20220809,282.3850,51,694,674,4630
43,20220810,172.8600,36,712,722,4630
43,20220811,-96.1750,70,684,723,4630
43,20220812,109.0000,25,919,483,4630
43,20220815,-269.7200,28,1016,489,4630
43,20220816,-444.4900,51,719,732,4630
43,20220817,-29.7750,85,698,691,4630
43,20220818,369.2000,45,737,525,4630
43,20220819,-223.9550,42,707,706,4630
43,20220822,-290.8600,39,712,720,4630
43,20220823,463.2600,76,694,740,4630
43,20220922,505.9200,92,669,766,4630
43,20220923,-107.8300,92,613,816,4630
43,20220926,-164.9000,135,571,863,4630
43,20220927,-2382.9150,146,643,788,4630
43,20220928,1473.3700,87,637,784,4630
43,20220929,476.1600,116,626,801,4630
43,20220930,-1908.2350,114,590,841,4630
43,20221003,1261.3750,75,662,765,4630
43,20221004,657.5350,66,659,774,4630
43,20221005,1598.2900,79,653,787,4630
43,20221006,-217.6100,114,614,804,4630
43,20221007,-535.4800,77,664,765,4630
43,20221010,1674.7900,104,680,757,4630
43,20221011,-1260.8950,98,672,768,4630
43,20221012,-286.5600,94,683,745,4630
43,20221013,13974.9400,244,671,762,4630
43,20221014,-2309.6900,156,672,744,4630
43,20221017,305.0450,67,687,747,4630
43,20221018,466.3000,130,545,892,4630
43,20221019,202.1900,94,527,873,4630
44,20220824,374.7850,41,788,592,4630
44,20220825,608.5450,42,748,655,4630
44,20220826,1663.4000,90,650,702,4630
44,20220829,-794.7650,86,690,734,4630
44,20220830,358.7300,123,670,742,4630
44,20220831,-253.9300,107,666,770,4630
44,20220901,1119.1350,101,685,739,4630
44,20220902,431.9450,132,670,763,4630
44,20220906,1144.6250,150,671,742,4630
44,20220907,9.3900,64,689,632,4630
44,20220908,2422.3300,108,696,732,4630
44,20220909,799.8950,52,829,634,4630
44,20220912,1095.7000,70,737,626,4630
44,20220913,-516.0550,82,667,687,4630
44,20220914,-151.5600,94,679,680,4630
44,20220915,96.1300,113,549,885,4630
44,20220916,1565.2750,90,680,746,4630
44,20220919,961.4750,85,654,783,4630
44,20220920,834.4600,71,660,762,4630
44,20220921,-5709.4100,184,516,925,4630
44,20220922,-214.0800,92,670,765,4630
44,20220923,1284.6700,92,614,815,4630
44,20220926,3347.6000,135,573,861,4630
44,20220927,4494.5850,146,649,782,4630
44,20220928,-656.6300,87,637,784,4630
44,20220929,-637.5900,116,622,805,4630
44,20220930,26.7650,114,590,841,4630
44,20221003,1036.3750,75,665,762,4630
44,20221004,260.6600,66,658,776,4630
44,20221005,-500.4600,79,651,789,4630
44,20221006,-192.6100,114,619,799,4630
44,20221007,944.5200,77,663,766,4630
44,20221010,1087.2900,104,681,756,4630
44,20221011,-3020.8950,98,674,766,4630
44,20221012,-361.5600,94,690,738,4630
44,20221013,-2966.3100,244,669,764,4630
44,20221014,1695.3100,156,672,744,4630
44,20221017,-207.4550,67,694,740,4630
44,20221018,781.3000,130,539,898,4630
44,20221019,1290.9400,94,529,871,4630
