split_idx,day,pnl,n_trades,hold_skips,total_bars
0,20220103,753.8550,73,519,4630
0,20220104,-721.8000,70,456,4630
0,20220105,-4411.2300,127,24,4630
0,20220106,1793.0600,181,157,4630
0,20220107,-708.3050,107,268,4630
0,20220110,3946.6800,168,39,4630
0,20220111,3561.2500,125,530,4630
0,20220112,146.6750,105,181,4630
0,20220113,-1796.5150,161,146,4630
0,20220114,1132.0400,204,67,4630
0,20220118,-457.0700,168,99,4630
0,20220119,-3487.8650,151,100,4630
0,20220120,-5279.4200,183,28,4630
0,20220121,-5389.0850,404,11,4630
0,20220124,18175.4700,672,7,4630
0,20220125,7888.3100,456,4,4630
0,20220126,-13267.9750,515,6,4630
0,20220127,-7071.7600,449,40,4630
0,20220128,13876.0200,352,18,4630
0,20220131,3640.6650,129,38,4630
0,20220201,2549.3900,189,20,4630
0,20220202,1109.1600,166,34,4630
0,20220203,-465.0750,180,52,4630
0,20220204,495.4250,230,67,4630
0,20220207,-1057.2800,147,74,4630
0,20220208,2527.4800,123,63,4630
0,20220209,1067.5850,71,277,4630
0,20220210,-2438.8200,243,6,4630
0,20220211,-6827.4800,377,5,4630
0,20220214,2903.0200,302,1,4630
0,20220215,1603.7000,120,226,4630
0,20220216,1858.1850,131,84,4630
0,20220217,-1956.2400,126,111,4630
0,20220218,-2133.0550,257,1,4630
0,20220222,-1273.3100,294,5,4630
0,20220223,-6627.3700,263,43,4630
0,20220224,18276.7000,420,30,4630
0,20220225,10166.3300,258,3,4630
0,20220228,4134.2600,301,19,4630
0,20220301,-4407.2000,280,13,4630
0,20220302,5832.9150,229,12,4630
1,20220103,-142.3750,75,458,4630
1,20220104,56.3650,74,150,4630
1,20220105,-1434.9700,128,24,4630
1,20220106,1983.1100,186,29,4630
1,20220107,428.0750,120,66,4630
1,20220110,-700.1650,171,15,4630
1,20220111,1736.2800,128,4,4630
1,20220112,287.9550,108,49,4630
1,20220113,-275.8600,164,17,4630
1,20220114,592.1100,211,37,4630
1,20220118,-555.2250,165,3,4630
1,20220119,1967.1650,154,46,4630
1,20220120,313.0500,180,26,4630
1,20220121,594.6550,403,9,4630
1,20220124,5636.6800,668,16,4630
1,20220125,6042.0700,457,2,4630
1,20220126,-5557.4000,510,16,4630
1,20220127,2840.1250,450,12,4630
1,20220128,4945.3850,351,13,4630
1,20220131,-244.3150,131,32,4630
1,20220201,1657.5250,190,4,4630
1,20220303,-98.2650,236,28,4630
1,20220304,1442.4400,244,9,4630
1,20220307,-1496.8150,256,28,4630
1,20220308,-3007.9000,460,19,4630
1,20220309,2435.7000,195,8,4630
1,20220310,-988.8050,182,45,4630
1,20220311,799.9650,184,75,4630
1,20220314,-1389.6700,158,617,4630
1,20220315,430.7950,142,367,4630
1,20220316,5580.5350,241,390,4630
1,20220317,1796.6750,105,326,4630
1,20220318,350.7300,73,123,4630
1,20220321,1640.7850,141,624,4630
1,20220322,158.1600,66,363,4630
1,20220323,-89.7450,88,363,4630
1,20220324,453.7250,60,393,4630
1,20220325,791.0900,109,387,4630
1,20220328,170.7000,70,387,4630
1,20220329,300.1850,81,386,4630
1,20220330,537.5750,70,736,4630
2,20220103,332.6350,76,413,4630
2,20220104,-403.0000,75,138,4630
2,20220105,-2438.0850,129,12,4630
2,20220106,2060.6000,185,38,4630
2,20220107,-189.3750,125,45,4630
2,20220110,2560.4600,171,27,4630
2,20220111,3697.5700,132,30,4630
2,20220112,-172.0450,108,49,4630
2,20220113,-542.1000,165,23,4630
2,20220114,403.9750,210,39,4630
2,20220118,-842.1000,165,25,4630
2,20220119,-2594.0850,154,46,4630
2,20220120,-1175.6900,181,18,4630
2,20220121,-3026.5950,403,9,4630
2,20220124,15655.4300,668,16,4630
2,20220125,8474.5700,457,2,4630
2,20220126,-11522.3900,511,13,4630
2,20220127,-6867.3750,450,12,4630
2,20220128,12344.1350,351,13,4630
2,20220131,2818.1850,131,32,4630
2,20220201,2278.7650,189,2,4630
2,20220331,-919.1100,89,563,4630
2,20220401,-284.6550,97,202,4630
2,20220404,530.9550,33,447,4630
2,20220405,-1144.7950,83,405,4630
2,20220406,1702.9200,167,656,4630
2,20220407,1493.0250,115,434,4630
2,20220408,129.0250,90,562,4630
2,20220411,-346.8000,70,670,4630
2,20220412,-1920.0100,124,616,4630
2,20220413,683.6950,57,421,4630
2,20220414,-933.4850,89,549,4630
2,20220418,-2076.4700,103,414,4630
2,20220419,40.8000,80,171,4630
2,20220420,-195.9750,90,428,4630
2,20220421,-5529.5000,175,148,4630
2,20220422,-3677.7750,160,498,4630
2,20220425,5295.0600,256,655,4630
2,20220426,-3714.0300,222,94,4630
2,20220427,2184.1900,294,183,4630
2,20220428,5925.9900,224,46,4630
3,20220103,41.3750,75,495,4630
3,20220104,-137.3750,75,135,4630
3,20220105,-899.3450,128,20,4630
3,20220106,959.3800,188,43,4630
3,20220107,66.8750,125,35,4630
3,20220110,674.2200,172,14,4630
3,20220111,971.2800,128,4,4630
3,20220112,233.6000,110,44,4630
3,20220113,-699.6100,164,25,4630
3,20220114,32.1000,210,46,4630
3,20220118,-1123.9650,166,26,4630
3,20220119,-684.0850,154,47,4630
3,20220120,611.8100,181,18,4630
3,20220121,339.6550,403,9,4630
3,20220124,10192.9300,668,16,4630
3,20220125,-909.1800,457,2,4630
3,20220126,-2722.3900,511,13,4630
3,20220127,-3868.6250,450,12,4630
3,20220128,4605.3850,351,13,4630
3,20220131,1854.4350,131,16,4630
3,20220201,886.2650,189,2,4630
3,20220429,-427.9600,204,197,4630
3,20220502,-6685.8650,351,262,4630
3,20220503,207.9450,232,335,4630
3,20220504,-14348.3000,295,457,4630
3,20220505,2648.3350,396,316,4630
3,20220506,2277.6100,386,273,4630
3,20220509,819.8450,297,503,4630
3,20220510,-680.4750,390,265,4630
3,20220511,3044.4600,321,409,4630
3,20220512,-1219.4550,367,224,4630
3,20220513,-3115.7700,173,146,4630
3,20220516,1850.6900,194,620,4630
3,20220517,-1475.3650,151,628,4630
3,20220518,-1631.6800,207,401,4630
3,20220519,4695.7100,321,418,4630
3,20220520,-2158.4000,285,150,4630
3,20220523,2639.2800,178,241,4630
3,20220524,3874.3250,245,234,4630
3,20220525,-2219.5250,235,223,4630
3,20220526,240.1450,77,310,4630
4,20220103,-51.1250,75,511,4630
4,20220104,728.2400,74,195,4630
4,20220105,-538.0850,129,12,4630
4,20220106,1210.5900,184,86,4630
4,20220107,-236.9250,120,71,4630
4,20220110,-495.8200,168,39,4630
4,20220111,-1191.2100,129,8,4630
4,20220112,10.4450,107,59,4630
4,20220113,-8.3800,162,46,4630
4,20220114,529.6000,210,38,4630
4,20220118,-373.9650,166,35,4630
4,20220119,1293.4050,153,67,4630
4,20220120,2385.5600,181,18,4630
4,20220121,2305.9050,403,9,4630
4,20220124,10877.9300,668,16,4630
4,20220125,5915.8200,457,2,4630
4,20220126,-8834.8900,511,13,4630
4,20220127,533.8750,450,12,4630
4,20220128,-5437.1150,351,13,4630
4,20220131,-729.3150,131,32,4630
4,20220201,-601.2350,189,2,4630
4,20220527,-201.9300,57,373,4630
4,20220531,1541.0950,172,238,4630
4,20220601,997.2950,167,302,4630
4,20220602,1570.3550,98,626,4630
4,20220603,-152.9850,139,604,4630
4,20220606,828.7800,128,259,4630
4,20220607,-17.3050,82,446,4630
4,20220608,1586.2100,121,561,4630
4,20220609,-1935.4650,141,443,4630
4,20220610,1607.4950,187,243,4630
4,20220613,-1099.0650,281,251,4630
4,20220614,1275.2050,208,251,4630
4,20220615,4195.9700,347,498,4630
4,20220616,-52.1350,224,155,4630
4,20220617,548.7000,245,208,4630
4,20220621,-143.6950,68,420,4630
4,20220622,-771.8750,125,370,4630
4,20220623,699.9800,123,344,4630
4,20220624,444.2300,48,592,4630
4,20220627,434.8700,112,584,4630
5,20220103,-304.8350,79,579,4630
5,20220104,203.2500,75,140,4630
5,20220105,-1312.4600,129,14,4630
5,20220106,788.1100,186,54,4630
5,20220107,1068.1050,123,65,4630
5,20220110,1205.4400,169,45,4630
5,20220111,1727.5400,129,176,4630
5,20220112,504.8300,108,54,4630
5,20220113,-179.6300,162,46,4630
5,20220114,967.1000,210,38,4630
5,20220118,-433.9750,165,41,4630
5,20220119,858.4150,154,60,4630
5,20220120,-220.6900,181,18,4630
5,20220121,-1771.5950,403,10,4630
5,20220124,13724.1800,668,16,4630
5,20220125,6523.3200,457,2,4630
5,20220126,-12321.1400,511,13,4630
5,20220127,-5016.1250,450,12,4630
5,20220128,5702.8850,351,13,4630
5,20220131,1174.4350,131,32,4630
5,20220201,1000.0250,190,4,4630
5,20220628,-2452.4200,133,481,4630
5,20220629,-45.5950,128,616,4630
5,20220630,-216.2650,186,491,4630
5,20220701,2705.2500,150,586,4630
5,20220705,3129.6150,149,642,4630
5,20220706,1362.1450,152,583,4630
5,20220707,44.8550,48,599,4630
5,20220708,-37.8700,88,450,4630
5,20220711,26.2550,63,398,4630
5,20220712,-192.1850,94,677,4630
5,20220713,-41.7950,133,622,4630
5,20220714,1860.6050,123,577,4630
5,20220715,413.6650,54,379,4630
5,20220718,-1122.3950,73,423,4630
5,20220719,258.6350,51,528,4630
5,20220720,352.9450,107,150,4630
5,20220721,1583.9850,86,517,4630
5,20220722,101.0400,104,446,4630
5,20220725,367.5650,69,579,4630
5,20220726,897.0500,80,309,4630
6,20220103,-22.3750,75,494,4630
6,20220104,1004.5000,75,139,4630
6,20220105,203.1250,125,17,4630
6,20220106,-458.1500,185,36,4630
6,20220107,1591.8350,121,50,4630
6,20220110,-819.5400,171,11,4630
6,20220111,-2024.9700,128,4,4630
6,20220112,951.0900,109,45,4630
6,20220113,1777.9000,165,16,4630
6,20220114,878.3600,211,42,4630
6,20220118,77.2750,165,2,4630
6,20220119,4377.1750,155,25,4630
6,20220120,608.0600,181,18,4630
6,20220121,1149.6450,402,18,4630
6,20220124,9291.6800,668,16,4630
6,20220125,1740.8200,457,2,4630
6,20220126,-8748.6400,511,13,4630
6,20220127,3193.8750,450,12,4630
6,20220128,-12.1150,351,13,4630
6,20220131,-845.5650,131,32,4630
6,20220201,-208.7350,189,2,4630
6,20220727,-2269.5150,111,500,4630
6,20220728,-66.0450,83,14,4630
6,20220729,-235.0050,62,449,4630
6,20220801,-521.9250,120,520,4630
6,20220802,-280.8550,102,349,4630
6,20220803,-828.1300,62,443,4630
6,20220804,-482.4650,66,589,4630
6,20220805,430.8000,80,662,4630
6,20220808,1355.7800,78,676,4630
6,20220809,-59.4000,60,366,4630
6,20220810,-70.7900,46,507,4630
6,20220811,899.6200,87,401,4630
6,20220812,-310.9800,27,623,4630
6,20220815,-482.1600,34,616,4630
6,20220816,-403.1400,61,743,4630
6,20220817,871.0900,109,595,4630
6,20220818,-2.0100,49,714,4630
6,20220819,201.1950,57,460,4630
6,20220822,-253.7850,59,426,4630
6,20220823,249.0350,91,424,4630
7,20220103,546.3850,76,159,4630
7,20220104,656.9800,73,183,4630
7,20220105,-318.7200,128,19,4630
7,20220106,-203.1500,185,36,4630
7,20220107,823.0250,115,24,4630
7,20220110,-2805.7900,171,11,4630
7,20220111,-2542.4700,128,5,4630
7,20220112,71.0800,108,51,4630
7,20220113,1015.4000,165,16,4630
7,20220114,1157.1100,211,40,4630
7,20220118,393.5250,165,2,4630
7,20220119,1305.9250,155,21,4630
7,20220120,3576.8000,180,26,4630
7,20220121,2768.4050,403,10,4630
7,20220124,-339.5700,668,16,4630
7,20220125,2812.0700,457,2,4630
7,20220126,-7931.1400,511,13,4630
7,20220127,5263.8750,450,12,4630
7,20220128,-5937.1150,351,13,4630
7,20220131,-870.5750,130,30,4630
7,20220201,-2499.9850,189,2,4630
7,20220824,515.4800,48,296,4630
7,20220825,428.0400,54,786,4630
7,20220826,463.7100,121,369,4630
7,20220829,423.6400,114,404,4630
7,20220830,727.8500,160,562,4630
7,20220831,-358.5100,149,606,4630
7,20220901,860.0600,131,590,4630
7,20220902,1959.2900,179,384,4630
7,20220906,2108.0500,180,440,4630
7,20220907,660.8000,80,418,4630
7,20220908,2797.5700,132,481,4630
7,20220909,725.6400,64,647,4630
7,20220912,14.5500,80,661,4630
7,20220913,-1190.0300,122,526,4630
7,20220914,-583.6800,132,618,4630
7,20220915,-553.4700,153,294,4630
7,20220916,254.3650,124,397,4630
7,20220919,400.4850,111,629,4630
7,20220920,-52.1250,100,381,4630
7,20220921,-11630.7800,297,630,4630
8,20220103,647.6250,75,494,4630
8,20220104,853.2500,75,142,4630
8,20220105,-1268.7200,128,16,4630
8,20220106,45.6100,186,35,4630
8,20220107,855.5950,122,19,4630
8,20220110,-262.0400,171,11,4630
8,20220111,-2138.7200,128,4,4630
8,20220112,53.5900,109,45,4630
8,20220113,1171.6400,164,13,4630
8,20220114,1592.1100,211,37,4630
8,20220118,737.2750,165,1,4630
8,20220119,1838.4250,155,21,4630
8,20220120,1350.5600,181,18,4630
8,20220121,1915.9050,403,9,4630
8,20220124,2946.6800,668,16,4630
8,20220125,890.8200,457,2,4630
8,20220126,-14713.6400,511,13,4630
8,20220127,5891.3750,450,12,4630
8,20220128,-5109.6150,351,13,4630
8,20220131,-376.8150,131,32,4630
8,20220201,-1336.2350,189,2,4630
8,20220922,297.5600,131,647,4630
8,20220923,752.0850,146,585,4630
8,20220926,296.2850,191,435,4630
8,20220927,1704.3400,184,349,4630
8,20220928,322.9550,108,601,4630
8,20220929,122.1450,152,376,4630
8,20220930,-374.6500,160,551,4630
8,20221003,802.8050,93,599,4630
8,20221004,774.0750,95,598,4630
8,20221005,1382.9350,106,410,4630
8,20221006,989.5550,143,245,4630
8,20221007,-484.5750,105,620,4630
8,20221010,771.4100,141,399,4630
8,20221011,-92.3600,139,669,4630
8,20221012,209.2150,109,439,4630
8,20221013,4933.3950,277,620,4630
8,20221014,1261.9000,190,377,4630
8,20221017,-164.8150,81,648,4630
8,20221018,-894.4600,179,466,4630
8,20221019,1331.3100,131,305,4630
9,20220202,1475.4400,169,4,4630
9,20220203,283.0600,181,6,4630
9,20220204,2275.4050,228,4,4630
9,20220207,611.4700,147,28,4630
9,20220208,1117.5000,125,18,4630
9,20220209,280.7500,75,84,4630
9,20220210,-1625.7150,241,17,4630
9,20220211,-4786.2500,375,12,4630
9,20220214,2884.2600,301,2,4630
9,20220215,1605.5750,120,52,4630
9,20220216,1485.7150,134,39,4630
9,20220217,-481.1900,131,75,4630
9,20220218,-1045.5550,257,1,4630
9,20220222,-172.0700,293,17,4630
9,20220223,-5492.4000,260,15,4630
9,20220224,16360.4600,421,19,4630
9,20220225,6316.3200,257,34,4630
9,20220228,2422.3450,297,3,4630
9,20220301,-3505.9600,279,17,4630
9,20220302,6103.5300,228,0,4630
9,20220303,-2312.0150,236,28,4630
9,20220304,433.6900,244,9,4630
9,20220307,-4824.3050,257,13,4630
9,20220308,988.3500,460,19,4630
9,20220309,3423.2000,195,8,4630
9,20220310,463.0700,182,34,4630
9,20220311,-936.2950,183,64,4630
9,20220314,-1319.6700,158,617,4630
9,20220315,1732.0450,142,340,4630
9,20220316,11257.4100,241,290,4630
9,20220317,1401.6450,102,302,4630
9,20220318,835.1250,75,498,4630
9,20220321,-189.2150,141,651,4630
9,20220322,521.3350,71,355,4630
9,20220323,-544.7450,88,363,4630
9,20220324,801.2150,59,588,4630
9,20220325,758.5900,109,387,4630
9,20220328,798.2000,70,387,4630
9,20220329,448.9450,82,374,4630
9,20220330,1513.8650,74,721,4630
10,20220202,1117.9400,169,4,4630
10,20220203,-1079.4300,182,1,4630
10,20220204,342.9050,228,24,4630
10,20220207,-1373.5300,147,29,4630
10,20220208,3035.0000,125,19,4630
10,20220209,950.7500,75,159,4630
10,20220210,-2415.0700,243,2,4630
10,20220211,-6835.6150,376,3,4630
10,20220214,2840.5100,301,2,4630
10,20220215,1763.6800,118,38,4630
10,20220216,1953.8500,135,38,4630
10,20220217,-1995.5850,129,59,4630
10,20220218,-2515.5550,257,1,4630
10,20220222,-1435.8100,294,0,4630
10,20220223,-6588.6500,260,15,4630
10,20220224,18791.7300,423,1,4630
10,20220225,10101.3300,258,3,4630
10,20220228,4623.5950,297,3,4630
10,20220301,-4935.3050,282,1,4630
10,20220302,6358.5300,228,0,4630
10,20220331,-1417.2050,92,569,4630
10,20220401,-123.4150,96,669,4630
10,20220404,552.2050,33,429,4630
10,20220405,-959.7950,83,405,4630
10,20220406,1756.6700,167,656,4630
10,20220407,1095.5250,115,434,4630
10,20220408,-173.4750,90,562,4630
10,20220411,-550.5400,71,598,4630
10,20220412,-1712.5100,124,616,4630
10,20220413,1126.1950,57,420,4630
10,20220414,-1143.4850,89,549,4630
10,20220418,-138.3450,103,408,4630
10,20220419,-466.7100,79,486,4630
10,20220420,490.9000,90,453,4630
10,20220421,-5559.5100,174,75,4630
10,20220422,-5954.0250,160,498,4630
10,20220425,5669.4450,257,560,4630
10,20220426,-6767.1550,222,91,4630
10,20220427,3582.9400,294,116,4630
10,20220428,4458.5000,225,35,4630
11,20220202,1189.1900,169,4,4630
11,20220203,824.3100,181,1,4630
11,20220204,2199.1550,228,25,4630
11,20220207,1216.4500,145,39,4630
11,20220208,1852.4900,124,50,4630
11,20220209,295.7600,76,26,4630
11,20220210,-2310.0700,243,2,4630
11,20220211,-4979.9700,378,0,4630
11,20220214,2659.2600,301,2,4630
11,20220215,831.1700,117,68,4630
11,20220216,2201.3500,135,34,4630
11,20220217,-1361.8250,130,30,4630
11,20220218,-980.5550,257,1,4630
11,20220222,14.1900,294,0,4630
11,20220223,-5304.9000,260,15,4630
11,20220224,15336.7300,423,0,4630
11,20220225,8435.0800,258,4,4630
11,20220228,3221.1050,298,2,4630
11,20220301,-4787.8050,282,1,4630
11,20220302,6193.5300,228,0,4630
11,20220429,-3923.5850,204,190,4630
11,20220502,4852.8550,348,242,4630
11,20220503,2096.0700,232,197,4630
11,20220504,25256.7000,295,457,4630
11,20220505,-331.6750,395,481,4630
11,20220506,-659.9000,385,276,4630
11,20220509,-2115.7800,297,528,4630
11,20220510,-1176.7250,390,268,4630
11,20220511,-5783.0400,321,409,4630
11,20220512,548.0650,369,165,4630
11,20220513,1454.2300,173,210,4630
11,20220516,1340.6900,194,620,4630
11,20220517,5107.7500,150,627,4630
11,20220518,-5069.8050,207,193,4630
11,20220519,3378.2000,320,535,4630
11,20220520,4557.8300,283,173,4630
11,20220523,3258.0300,178,581,4630
11,20220524,6784.3150,244,467,4630
11,20220525,3779.8400,234,221,4630
11,20220526,-104.8550,77,308,4630
12,20220202,1807.9400,169,4,4630
12,20220203,204.3000,180,6,4630
12,20220204,2724.1650,229,42,4630
12,20220207,1005.2000,145,38,4630
12,20220208,1453.7600,126,54,4630
12,20220209,-0.5100,74,58,4630
12,20220210,-1835.0700,243,2,4630
12,20220211,-4244.3550,377,2,4630
12,20220214,3415.5100,301,2,4630
12,20220215,487.4200,117,68,4630
12,20220216,1826.9550,133,72,4630
12,20220217,-814.3250,130,32,4630
12,20220218,-180.5550,257,1,4630
12,20220222,1034.1900,294,0,4630
12,20220223,-4329.9000,260,15,4630
12,20220224,14762.9800,423,0,4630
12,20220225,5570.0800,258,4,4630
12,20220228,2611.0950,297,3,4630
12,20220301,-3859.6900,281,4,4630
12,20220302,5324.7800,228,0,4630
12,20220527,1446.1950,57,573,4630
12,20220531,578.5950,172,238,4630
12,20220601,-1341.4550,167,279,4630
12,20220602,3390.3550,98,614,4630
12,20220603,-414.2350,139,604,4630
12,20220606,-179.9700,128,259,4630
12,20220607,203.9350,81,456,4630
12,20220608,684.9600,121,561,4630
12,20220609,-2749.2150,141,443,4630
12,20220610,-633.7550,187,150,4630
12,20220613,-442.8550,277,228,4630
12,20220614,49.5700,207,252,4630
12,20220615,9142.2300,348,509,4630
12,20220616,100.3650,224,153,4630
12,20220617,1458.0750,245,209,4630
12,20220621,-259.9450,68,420,4630
12,20220622,-1271.8750,125,370,4630
12,20220623,238.7300,123,344,4630
12,20220624,316.7200,47,612,4630
12,20220627,907.3700,112,584,4630
13,20220202,1257.9400,169,4,4630
13,20220203,445.5600,181,2,4630
13,20220204,1712.9150,229,42,4630
13,20220207,1148.9700,147,28,4630
13,20220208,2071.2100,121,22,4630
13,20220209,396.9800,73,136,4630
13,20220210,-2206.9450,243,3,4630
13,20220211,-6094.3650,376,3,4630
13,20220214,2513.0100,301,2,4630
13,20220215,914.9500,120,41,4630
13,20220216,2073.2250,135,47,4630
13,20220217,-1347.4500,130,58,4630
13,20220218,-1723.0550,257,1,4630
13,20220222,-397.0600,294,0,4630
13,20220223,-5377.4000,260,15,4630
13,20220224,16099.2300,423,1,4630
13,20220225,8812.5800,258,3,4630
13,20220228,3947.3450,297,3,4630
13,20220301,-4694.0650,281,3,4630
13,20220302,6296.0300,228,0,4630
13,20220628,-3404.9200,133,462,4630
13,20220629,-601.8350,129,555,4630
13,20220630,691.2350,186,491,4630
13,20220701,2855.2500,150,586,4630
13,20220705,4418.3650,149,642,4630
13,20220706,1632.1350,151,652,4630
13,20220707,162.9700,47,606,4630
13,20220708,-70.3600,89,439,4630
13,20220711,204.3700,62,645,4630
13,20220712,-27.1850,94,677,4630
13,20220713,-200.5250,135,549,4630
13,20220714,3578.1050,123,577,4630
13,20220715,643.6650,54,421,4630
13,20220718,-1051.1350,74,677,4630
13,20220719,464.8550,48,478,4630
13,20220720,523.5600,106,212,4630
13,20220721,2065.2350,86,517,4630
13,20220722,-510.2100,104,446,4630
13,20220725,496.3050,68,465,4630
13,20220726,774.5600,81,85,4630
14,20220202,1337.9400,169,4,4630
14,20220203,963.0700,182,0,4630
14,20220204,2134.1550,228,4,4630
14,20220207,1097.7200,147,29,4630
14,20220208,1457.5000,125,18,4630
14,20220209,396.9900,74,16,4630
14,20220210,-2520.0700,243,2,4630
14,20220211,-5046.8550,377,2,4630
14,20220214,2560.5100,301,2,4630
14,20220215,597.4300,118,21,4630
14,20220216,1976.9950,137,37,4630
14,20220217,-725.5650,131,14,4630
14,20220218,-1013.0550,257,1,4630
14,20220222,-208.3100,294,0,4630
14,20220223,-5406.1500,260,15,4630
14,20220224,14951.7300,423,0,4630
14,20220225,7640.0800,258,4,4630
14,20220228,2804.8450,297,3,4630
14,20220301,-4318.4400,281,4,4630
14,20220302,6372.2800,228,0,4630
14,20220727,3241.0900,109,459,4630
14,20220728,1308.9550,83,14,4630
14,20220729,183.7450,62,449,4630
14,20220801,411.8250,120,675,4630
14,20220802,-715.8550,102,349,4630
14,20220803,76.8700,62,443,4630
14,20220804,791.2850,66,589,4630
14,20220805,-111.7000,80,662,4630
14,20220808,303.2800,78,676,4630
14,20220809,494.3500,60,366,4630
14,20220810,241.7100,46,507,4630
14,20220811,-351.6300,87,401,4630
14,20220812,146.5500,30,488,4630
14,20220815,-187.7950,33,589,4630
14,20220816,25.6300,63,546,4630
14,20220817,-295.1600,109,595,4630
14,20220818,566.7700,52,601,4630
14,20220819,-309.4600,54,455,4630
14,20220822,61.2150,59,426,4630
14,20220823,70.2850,91,423,4630
15,20220202,1779.1900,169,4,4630
15,20220203,819.3200,182,0,4630
15,20220204,3567.9050,228,4,4630
15,20220207,2260.2200,147,29,4630
15,20220208,-703.7400,126,15,4630
15,20220209,-171.7500,75,21,4630
15,20220210,-1875.0700,243,2,4630
15,20220211,-3164.3550,377,2,4630
15,20220214,2668.0100,301,2,4630
15,20220215,164.9400,119,41,4630
15,20220216,1604.4850,136,32,4630
15,20220217,-516.8250,130,1,4630
15,20220218,2681.9450,257,1,4630
15,20220222,1411.6900,294,0,4630
15,20220223,-1438.6500,260,15,4630
15,20220224,9370.4800,423,0,4630
15,20220225,1962.5700,257,34,4630
15,20220228,-620.1550,297,3,4630
15,20220301,-1212.1900,281,4,4630
15,20220302,3126.0300,228,0,4630
15,20220824,269.2400,49,541,4630
15,20220825,599.2900,54,702,4630
15,20220826,-697.5300,122,366,4630
15,20220829,-361.3600,114,404,4630
15,20220830,815.3500,160,562,4630
15,20220831,-391.0100,149,606,4630
15,20220901,1632.5600,131,590,4630
15,20220902,-2045.7100,179,384,4630
15,20220906,39.3000,180,440,4630
15,20220907,492.0500,80,418,4630
15,20220908,3830.0700,132,466,4630
15,20220909,766.8900,64,643,4630
15,20220912,1153.3000,80,661,4630
15,20220913,-1234.4450,118,528,4630
15,20220914,1146.9550,133,614,4630
15,20220915,-859.7200,153,303,4630
15,20220916,1056.8550,123,648,4630
15,20220919,1132.9850,111,629,4630
15,20220920,452.8750,100,381,4630
15,20220921,-13227.0100,299,415,4630
16,20220202,1945.4400,169,4,4630
16,20220203,159.3200,182,0,4630
16,20220204,3141.6550,228,4,4630
16,20220207,1356.4700,147,29,4630
16,20220208,-297.4900,126,14,4630
16,20220209,-67.9800,77,19,4630
16,20220210,-2605.0700,243,2,4630
16,20220211,-4526.8650,376,3,4630
16,20220214,3336.7600,301,2,4630
16,20220215,66.8050,118,40,4630
16,20220216,1971.9750,135,49,4630
16,20220217,-689.3250,130,30,4630
16,20220218,851.9450,257,1,4630
16,20220222,-8.3100,294,0,4630
16,20220223,-4034.9000,260,15,4630
16,20220224,13982.9800,423,0,4630
16,20220225,4437.5800,258,3,4630
16,20220228,1672.3550,298,2,4630
16,20220301,-4209.0550,282,1,4630
16,20220302,5939.7800,228,0,4630
16,20220922,-1027.4400,131,647,4630
16,20220923,1948.3350,146,585,4630
16,20220926,-1166.8400,191,454,4630
16,20220927,-40.6700,183,481,4630
16,20220928,675.4550,108,601,4630
16,20220929,882.1450,152,376,4630
16,20220930,-2045.9000,160,551,4630
16,20221003,1270.3050,93,599,4630
16,20221004,1284.7100,96,603,4630
16,20221005,1011.6850,106,410,4630
16,20221006,-2.9550,142,267,4630
16,20221007,-468.3250,105,620,4630
16,20221010,797.6700,142,392,4630
16,20221011,-921.1100,139,669,4630
16,20221012,-377.0350,109,439,4630
16,20221013,8212.1450,277,620,4630
16,20221014,-1554.3500,190,377,4630
16,20221017,347.6850,81,648,4630
16,20221018,2574.2700,177,381,4630
16,20221019,1823.8100,131,321,4630
17,20220303,-2877.0050,237,7,4630
17,20220304,-1957.5600,244,9,4630
17,20220307,-4380.5550,257,13,4630
17,20220308,-489.1400,461,16,4630
17,20220309,2958.2000,195,8,4630
17,20220310,231.2050,183,7,4630
17,20220311,-1583.7950,183,14,4630
17,20220314,-2087.1700,158,617,4630
17,20220315,2477.6800,143,336,4630
17,20220316,11287.4000,240,277,4630
17,20220317,1141.0400,104,490,4630
17,20220318,1075.7400,74,122,4630
17,20220321,258.2850,141,347,4630
17,20220322,314.4200,67,358,4630
17,20220323,191.4950,87,366,4630
17,20220324,661.8300,58,583,4630
17,20220325,1018.6000,110,388,4630
17,20220328,-543.0500,70,387,4630
17,20220329,52.7050,83,356,4630
17,20220330,1170.0650,69,678,4630
17,20220331,-692.8600,89,567,4630
17,20220401,-180.8650,101,687,4630
17,20220404,218.4450,32,629,4630
17,20220405,475.2050,83,405,4630
17,20220406,1735.4200,167,656,4630
17,20220407,80.5250,115,434,4630
17,20220408,339.0250,90,562,4630
17,20220411,-311.7800,72,599,4630
17,20220412,-201.8950,123,618,4630
17,20220413,56.1950,57,522,4630
17,20220414,-827.2350,89,549,4630
17,20220418,-1174.5950,103,443,4630
17,20220419,-466.7000,80,172,4630
17,20220420,512.1400,89,154,4630
17,20220421,-4708.2600,174,79,4630
17,20220422,-4744.0250,160,498,4630
17,20220425,5060.0700,257,633,4630
17,20220426,-4432.7800,222,88,4630
17,20220427,1941.6800,293,75,4630
17,20220428,4552.2500,225,44,4630
18,20220303,3741.7450,237,2,4630
18,20220304,2453.6900,244,9,4630
18,20220307,5023.1950,257,13,4630
18,20220308,9345.8600,461,16,4630
18,20220309,886.9500,195,8,4630
18,20220310,163.0800,183,6,4630
18,20220311,3334.9550,183,19,4630
18,20220314,503.4650,159,559,4630
18,20220315,-2374.2150,141,504,4630
18,20220316,-11778.2250,240,404,4630
18,20220317,-1185.8850,99,469,4630
18,20220318,-951.7600,74,121,4630
18,20220321,-140.4650,141,347,4630
18,20220322,-61.1650,71,356,4630
18,20220323,757.7550,88,363,4630
18,20220324,-222.5350,59,391,4630
18,20220325,-673.9100,109,387,4630
18,20220328,70.7000,70,387,4630
18,20220329,-232.3050,82,342,4630
18,20220330,-703.6750,70,682,4630
18,20220429,3586.4150,204,484,4630
18,20220502,-9067.1350,349,239,4630
18,20220503,489.1850,231,452,4630
18,20220504,-23045.1850,294,551,4630
18,20220505,960.8350,396,378,4630
18,20220506,2703.2050,383,502,4630
18,20220509,489.8450,297,444,4630
18,20220510,2398.2650,389,520,4630
18,20220511,5066.9700,322,249,4630
18,20220512,-1804.4350,369,243,4630
18,20220513,-3427.6450,173,496,4630
18,20220516,2183.1900,194,620,4630
18,20220517,-4012.2500,150,627,4630
18,20220518,3598.3200,207,401,4630
18,20220519,1956.9600,321,480,4630
18,20220520,-5116.5450,283,455,4630
18,20220523,-1102.5950,178,570,4630
18,20220524,-2135.6850,244,467,4630
18,20220525,-1157.0150,236,204,4630
18,20220526,182.6450,77,288,4630
19,20220303,-662.6300,237,3,4630
19,20220304,-965.0600,244,9,4630
19,20220307,-1120.5550,257,13,4630
19,20220308,-2195.3900,461,16,4630
19,20220309,1891.9500,195,8,4630
19,20220310,848.0700,182,34,4630
19,20220311,1069.3100,181,19,4630
19,20220314,-955.9200,158,617,4630
19,20220315,671.4100,141,363,4630
19,20220316,9449.8700,237,458,4630
19,20220317,1116.0300,103,407,4630
19,20220318,48.2400,74,121,4630
19,20220321,-421.7150,141,347,4630
19,20220322,268.8350,71,355,4630
19,20220323,585.2550,88,363,4630
19,20220324,-336.9200,58,588,4630
19,20220325,-611.4100,109,387,4630
19,20220328,-479.3000,70,387,4630
19,20220329,661.4450,82,373,4630
19,20220330,-332.4350,69,664,4630
19,20220527,-1111.9200,58,375,4630
19,20220531,1518.6150,174,404,4630
19,20220601,984.7950,167,302,4630
19,20220602,755.3550,98,572,4630
19,20220603,-141.7350,139,601,4630
19,20220606,642.5300,128,259,4630
19,20220607,-412.9200,83,447,4630
19,20220608,509.9600,121,561,4630
19,20220609,-640.4650,141,443,4630
19,20220610,1406.8600,186,486,4630
19,20220613,-587.8450,278,220,4630
19,20220614,-179.1900,206,569,4630
19,20220615,4272.2200,347,506,4630
19,20220616,474.0850,221,496,4630
19,20220617,903.0750,245,288,4630
19,20220621,47.5550,68,420,4630
19,20220622,-100.6150,126,361,4630
19,20220623,-15.6350,124,336,4630
19,20220624,-43.2700,48,552,4630
19,20220627,575.5250,115,438,4630
20,20220303,874.2350,236,28,4630
20,20220304,2862.4400,244,9,4630
20,20220307,-2520.5550,257,13,4630
20,20220308,399.6100,461,16,4630
20,20220309,1685.7000,195,8,4630
20,20220310,1188.7050,183,7,4630
20,20220311,-710.0350,184,20,4630
20,20220314,540.3300,158,617,4630
20,20220315,-1192.9550,142,367,4630
20,20220316,8214.9100,241,256,4630
20,20220317,667.9550,108,337,4630
20,20220318,606.3750,75,136,4630
20,20220321,189.5350,141,347,4630
20,20220322,248.8350,71,357,4630
20,20220323,-529.7350,89,363,4630
20,20220324,372.4650,59,392,4630
20,20220325,1381.0900,109,387,4630
20,20220328,465.7400,74,394,4630
20,20220329,380.1850,81,355,4630
20,20220330,827.5750,70,743,4630
20,20220628,-1877.4200,133,462,4630
20,20220629,25.6650,129,544,4630
20,20220630,793.7250,185,515,4630
20,20220701,1022.7500,150,586,4630
20,20220705,1335.8650,149,642,4630
20,20220706,-747.8650,151,654,4630
20,20220707,29.8450,47,597,4630
20,20220708,-716.6100,89,439,4630
20,20220711,368.1200,62,646,4630
20,20220712,94.7000,95,357,4630
20,20220713,-630.5250,135,549,4630
20,20220714,98.1050,123,577,4630
20,20220715,-22.5850,54,423,4630
20,20220718,-129.2900,71,403,4630
20,20220719,-138.8950,48,517,4630
20,20220720,-145.8050,107,149,4630
20,20220721,-161.0150,86,517,4630
20,20220722,-167.7000,105,440,4630
20,20220725,642.5750,70,409,4630
20,20220726,1190.8100,81,121,4630
21,20220303,4514.2450,237,2,4630
21,20220304,824.9400,244,9,4630
21,20220307,5974.4450,257,13,4630
21,20220308,1038.3600,461,16,4630
21,20220309,305.7000,195,8,4630
21,20220310,178.0700,182,34,4630
21,20220311,3963.0900,184,13,4630
21,20220314,1028.4650,159,560,4630
21,20220315,-2661.0800,142,349,4630
21,20220316,-9195.0900,241,260,4630
21,20220317,-483.9400,106,305,4630
21,20220318,-1419.2600,74,121,4630
21,20220321,460.7850,141,347,4630
21,20220322,-18.6650,71,355,4630
21,20220323,1240.2550,88,363,4630
21,20220324,-723.7850,59,391,4630
21,20220325,-421.4100,109,387,4630
21,20220328,-209.3000,70,387,4630
21,20220329,-899.1700,83,344,4630
21,20220330,-648.7050,67,685,4630
21,20220727,-2864.5350,109,534,4630
21,20220728,-2161.0450,83,14,4630
21,20220729,-377.5050,62,449,4630
21,20220801,98.7100,121,510,4630
21,20220802,524.1450,102,349,4630
21,20220803,-743.1300,62,443,4630
21,20220804,-282.4650,66,589,4630
21,20220805,260.1850,81,552,4630
21,20220808,1408.2800,78,676,4630
21,20220809,5.6000,60,368,4630
21,20220810,-32.0300,47,570,4630
21,20220811,278.3700,87,401,4630
21,20220812,-450.9600,29,509,4630
21,20220815,-583.4300,32,599,4630
21,20220816,-419.3700,63,653,4630
21,20220817,1147.3400,109,595,4630
21,20220818,3.0100,51,615,4630
21,20220819,-11.3250,55,514,4630
21,20220822,24.9650,59,433,4630
21,20220823,642.7850,91,426,4630
22,20220303,1885.4950,237,7,4630
22,20220304,1674.9400,244,9,4630
22,20220307,-576.8050,257,13,4630
22,20220308,-2151.6400,461,16,4630
22,20220309,1620.7000,195,8,4630
22,20220310,2971.8200,182,34,4630
22,20220311,1661.2150,184,21,4630
22,20220314,94.7150,159,560,4630
22,20220315,380.8150,144,350,4630
22,20220316,3221.1600,241,302,4630
22,20220317,829.2150,109,520,4630
22,20220318,163.2500,75,122,4630
22,20220321,30.7850,141,347,4630
22,20220322,285.6700,67,358,4630
22,20220323,591.5050,88,368,4630
22,20220324,-237.5350,59,392,4630
22,20220325,-842.6600,109,387,4630
22,20220328,624.4500,70,387,4630
22,20220329,397.0800,83,343,4630
22,20220330,-322.4550,67,692,4630
22,20220824,452.9700,47,560,4630
22,20220825,334.2900,54,716,4630
22,20220826,459.9900,124,215,4630
22,20220829,9.8900,114,404,4630
22,20220830,472.8500,160,562,4630
22,20220831,-146.0100,149,606,4630
22,20220901,756.9450,132,554,4630
22,20220902,41.7900,179,384,4630
22,20220906,489.3000,180,440,4630
22,20220907,507.0500,80,418,4630
22,20220908,2842.5700,132,466,4630
22,20220909,691.2550,63,680,4630
22,20220912,238.9250,80,668,4630
22,20220913,768.0450,117,538,4630
22,20220914,380.7050,133,616,4630
22,20220915,-21.0300,147,634,4630
22,20220916,-145.6250,125,335,4630
22,20220919,511.7350,111,627,4630
22,20220920,267.8750,100,381,4630
22,20220921,-8197.0200,298,587,4630
23,20220303,2224.2450,237,7,4630
23,20220304,-293.8100,244,9,4630
23,20220307,-1159.3050,257,13,4630
23,20220308,-505.3900,461,16,4630
23,20220309,2050.7000,195,8,4630
23,20220310,2805.5700,182,34,4630
23,20220311,1144.9650,184,21,4630
23,20220314,212.2150,159,560,4630
23,20220315,512.0650,144,350,4630
23,20220316,7539.2750,240,328,4630
23,20220317,849.7900,104,498,4630
23,20220318,69.5000,75,122,4630
23,20220321,425.7850,141,347,4630
23,20220322,128.1700,67,359,4630
23,20220323,432.7450,87,366,4630
23,20220324,-250.0350,59,391,4630
23,20220325,-781.4100,109,387,4630
23,20220328,183.2000,70,387,4630
23,20220329,417.0800,83,342,4630
23,20220330,-154.9350,69,665,4630
23,20220922,-1156.1900,131,647,4630
23,20220923,1646.4800,148,495,4630
23,20220926,-359.9650,191,468,4630
23,20220927,290.5900,184,311,4630
23,20220928,-412.0450,108,601,4630
23,20220929,278.3950,152,376,4630
23,20220930,-684.6500,160,551,4630
23,20221003,877.8050,93,310,4630
23,20221004,375.9600,96,603,4630
23,20221005,19.1850,106,410,4630
23,20221006,1129.5550,143,245,4630
23,20221007,107.9250,105,620,4630
23,20221010,1162.6700,142,392,4630
23,20221011,-583.6000,140,562,4630
23,20221012,-29.5350,109,439,4630
23,20221013,6175.8950,277,620,4630
23,20221014,709.4000,190,377,4630
23,20221017,-327.3150,81,648,4630
23,20221018,1639.2900,179,480,4630
23,20221019,443.8100,131,305,4630
24,20220331,-1125.3200,93,189,4630
24,20220401,34.7200,97,281,4630
24,20220404,239.7050,33,429,4630
24,20220405,95.2050,83,405,4630
24,20220406,1449.1700,167,656,4630
24,20220407,855.5250,115,434,4630
24,20220408,-223.4750,90,562,4630
24,20220411,-460.5400,71,598,4630
24,20220412,-1012.5100,124,616,4630
24,20220413,433.6950,57,420,4630
24,20220414,-533.4850,89,549,4630
24,20220418,-400.8450,103,410,4630
24,20220419,-590.4300,82,154,4630
24,20220420,269.6500,90,149,4630
24,20220421,-4466.4050,172,401,4630
24,20220422,-4749.0250,160,498,4630
24,20220425,5480.6950,257,560,4630
24,20220426,-4517.1550,222,93,4630
24,20220427,1538.5650,294,117,4630
24,20220428,2179.1250,225,25,4630
24,20220429,-3852.9500,205,148,4630
24,20220502,3425.3650,349,239,4630
24,20220503,1849.8300,233,53,4630
24,20220504,25317.9500,295,457,4630
24,20220505,-904.1650,396,292,4630
24,20220506,-39.8900,386,247,4630
24,20220509,-2487.6550,297,441,4630
24,20220510,-1522.9750,390,262,4630
24,20220511,-5913.0300,322,239,4630
24,20220512,-360.0500,370,202,4630
24,20220513,1569.2400,174,167,4630
24,20220516,1935.6900,194,620,4630
24,20220517,4849.0000,150,627,4630
24,20220518,-4485.4300,207,401,4630
24,20220519,3376.9700,322,190,4630
24,20220520,3930.9650,284,142,4630
24,20220523,2878.0300,178,240,4630
24,20220524,6536.8250,245,237,4630
24,20220525,3788.6000,235,184,4630
24,20220526,-219.8550,77,286,4630
25,20220331,-732.8200,93,189,4630
25,20220401,60.3350,96,669,4630
25,20220404,232.2050,33,429,4630
25,20220405,-249.7950,83,405,4630
25,20220406,1536.6700,167,656,4630
25,20220407,256.7750,115,434,4630
25,20220408,289.0250,90,562,4630
25,20220411,-473.0400,71,598,4630
25,20220412,-912.5100,124,616,4630
25,20220413,408.6950,57,420,4630
25,20220414,-425.9850,89,549,4630
25,20220418,-413.3450,103,410,4630
25,20220419,-430.4400,81,150,4630
25,20220420,100.9000,90,149,4630
25,20220421,-4957.6150,176,137,4630
25,20220422,-4415.2750,160,498,4630
25,20220425,5589.4550,258,543,4630
25,20220426,-3650.9050,222,93,4630
25,20220427,553.5650,294,88,4630
25,20220428,2860.3750,225,36,4630
25,20220527,1095.5700,57,369,4630
25,20220531,-132.6550,172,238,4630
25,20220601,290.4100,166,312,4630
25,20220602,3480.3550,98,572,4630
25,20220603,297.0150,139,604,4630
25,20220606,-494.9700,128,259,4630
25,20220607,860.1950,82,446,4630
25,20220608,-148.7900,121,561,4630
25,20220609,-1781.7150,141,443,4630
25,20220610,-200.0050,187,152,4630
25,20220613,-884.0650,281,189,4630
25,20220614,147.7050,208,251,4630
25,20220615,9480.9700,347,498,4630
25,20220616,782.8650,224,153,4630
25,20220617,1551.2000,245,208,4630
25,20220621,131.3050,68,420,4630
25,20220622,-691.8650,126,361,4630
25,20220623,-725.6350,124,330,4630
25,20220624,185.4800,48,592,4630
25,20220627,665.5250,115,438,4630
26,20220331,-1064.0700,93,193,4630
26,20220401,-326.5300,97,280,4630
26,20220404,333.4550,33,441,4630
26,20220405,-377.2950,83,405,4630
26,20220406,1896.6700,167,656,4630
26,20220407,678.0250,115,434,4630
26,20220408,307.7750,90,562,4630
26,20220411,-240.5300,72,599,4630
26,20220412,-868.7600,124,616,4630
26,20220413,459.9450,57,420,4630
26,20220414,-906.0150,86,556,4630
26,20220418,-623.3450,103,410,4630
26,20220419,-807.9400,81,150,4630
26,20220420,722.1500,90,149,4630
26,20220421,-5146.3950,173,80,4630
26,20220422,-3941.5250,160,498,4630
26,20220425,5661.9450,257,560,4630
26,20220426,-5602.7800,222,88,4630
26,20220427,2258.5650,294,78,4630
26,20220428,3899.7500,225,35,4630
26,20220628,-3287.4200,133,462,4630
26,20220629,-605.5850,129,544,4630
26,20220630,1259.9850,186,491,4630
26,20220701,2371.5000,150,586,4630
26,20220705,3950.8650,149,642,4630
26,20220706,1527.1350,151,654,4630
26,20220707,-38.9050,47,598,4630
26,20220708,-359.1100,89,439,4630
26,20220711,390.6200,62,645,4630
26,20220712,702.8150,94,677,4630
26,20220713,226.9750,135,549,4630
26,20220714,3149.3550,123,577,4630
26,20220715,308.6650,54,423,4630
26,20220718,-1235.5000,75,371,4630
26,20220719,148.5950,47,512,4630
26,20220720,576.6950,107,129,4630
26,20220721,1541.4850,86,517,4630
26,20220722,-1021.4500,105,440,4630
26,20220725,475.0750,70,410,4630
26,20220726,978.3100,81,121,4630
27,20220331,-950.3200,93,189,4630
27,20220401,1260.9700,97,280,4630
27,20220404,-2.7950,33,480,4630
27,20220405,671.4550,83,405,4630
27,20220406,1566.6700,167,656,4630
27,20220407,798.0250,115,434,4630
27,20220408,-1012.2250,90,562,4630
27,20220411,-428.0400,71,598,4630
27,20220412,-453.7600,124,616,4630
27,20220413,-627.5550,57,420,4630
27,20220414,77.7650,89,549,4630
27,20220418,1350.4050,103,409,4630
27,20220419,-826.6900,81,148,4630
27,20220420,715.2750,90,427,4630
27,20220421,-1258.2600,174,53,4630
27,20220422,-2281.5250,160,498,4630
27,20220425,6340.7050,258,543,4630
27,20220426,-6424.0300,222,88,4630
27,20220427,1336.6800,293,104,4630
27,20220428,-182.7500,225,35,4630
27,20220727,3290.4850,111,248,4630
27,20220728,-131.0450,83,14,4630
27,20220729,-253.7550,62,449,4630
27,20220801,539.9600,121,508,4630
27,20220802,-1240.8550,102,349,4630
27,20220803,-875.6300,62,443,4630
27,20220804,-313.7150,66,589,4630
27,20220805,827.6850,81,301,4630
27,20220808,1953.2800,78,676,4630
27,20220809,241.8500,60,366,4630
27,20220810,279.2100,46,507,4630
27,20220811,1710.8700,87,401,4630
27,20220812,-325.9500,30,583,4630
27,20220815,-578.4200,33,568,4630
27,20220816,-13.1100,64,544,4630
27,20220817,114.8400,109,595,4630
27,20220818,-35.7300,52,601,4630
27,20220819,194.2900,54,455,4630
27,20220822,-110.0350,59,427,4630
27,20220823,252.7850,91,423,4630
28,20220331,-66.5700,93,189,4630
28,20220401,537.2200,97,280,4630
28,20220404,278.4550,33,447,4630
28,20220405,708.9550,83,405,4630
28,20220406,1359.1700,167,656,4630
28,20220407,1054.2750,115,434,4630
28,20220408,216.5250,90,562,4630
28,20220411,-441.7900,71,598,4630
28,20220412,-1100.0100,124,616,4630
28,20220413,238.6950,57,420,4630
28,20220414,-24.7350,89,549,4630
28,20220418,-535.8450,103,408,4630
28,20220419,-285.4500,80,475,4630
28,20220420,607.1500,90,149,4630
28,20220421,-2216.3850,174,91,4630
28,20220422,-1405.2750,160,498,4630
28,20220425,4516.9550,258,543,4630
28,20220426,-3639.6550,222,90,4630
28,20220427,-712.6850,294,143,4630
28,20220428,1973.5000,225,35,4630
28,20220824,141.7500,50,518,4630
28,20220825,1345.5400,54,680,4630
28,20220826,-283.7700,123,329,4630
28,20220829,-297.6100,114,404,4630
28,20220830,694.1000,160,562,4630
28,20220831,-1278.5100,149,606,4630
28,20220901,1684.4450,132,554,4630
28,20220902,-1798.2100,179,384,4630
28,20220906,1659.3000,180,440,4630
28,20220907,550.8000,80,418,4630
28,20220908,3310.0700,132,466,4630
28,20220909,638.7650,64,648,4630
28,20220912,1034.5500,80,659,4630
28,20220913,-1101.9450,118,528,4630
28,20220914,1375.7050,133,614,4630
28,20220915,19.0400,154,275,4630
28,20220916,871.8750,125,357,4630
28,20220919,1944.2350,111,629,4630
28,20220920,1372.8750,100,381,4630
28,20220921,-10934.4900,301,361,4630
29,20220331,-651.5700,93,189,4630
29,20220401,915.3350,96,669,4630
29,20220404,237.2050,33,442,4630
29,20220405,786.4550,83,405,4630
29,20220406,1870.4200,167,656,4630
29,20220407,1294.2750,115,434,4630
29,20220408,67.7750,90,562,4630
29,20220411,-413.0400,71,598,4630
29,20220412,-821.2600,124,616,4630
29,20220413,208.6950,57,420,4630
29,20220414,-208.4850,89,549,4630
29,20220418,559.1550,103,408,4630
29,20220419,-667.9400,81,149,4630
29,20220420,645.2750,90,427,4630
29,20220421,-2280.7600,174,53,4630
29,20220422,-3231.5250,160,498,4630
29,20220425,4904.4550,258,543,4630
29,20220426,-4721.5300,222,88,4630
29,20220427,-188.3100,294,173,4630
29,20220428,1188.5000,225,35,4630
29,20220922,-703.6900,131,647,4630
29,20220923,2402.0950,147,527,4630
29,20220926,-903.7150,191,466,4630
29,20220927,1083.0800,183,359,4630
29,20220928,40.4550,108,601,4630
29,20220929,74.6450,152,376,4630
29,20220930,-1790.9000,160,551,4630
29,20221003,270.3050,93,599,4630
29,20221004,1341.5750,95,598,4630
29,20221005,334.1850,106,410,4630
29,20221006,935.8050,143,245,4630
29,20221007,-372.0750,105,620,4630
29,20221010,802.6700,142,392,4630
29,20221011,-846.1100,139,668,4630
29,20221012,-527.0350,109,439,4630
29,20221013,7152.1450,277,620,4630
29,20221014,761.9000,190,377,4630
29,20221017,-9.8150,81,648,4630
29,20221018,2339.9150,179,452,4630
29,20221019,1133.2050,133,304,4630
30,20220429,-1686.0950,203,508,4630
30,20220502,3458.5000,350,261,4630
30,20220503,1195.4350,231,452,4630
30,20220504,6817.9500,295,457,4630
30,20220505,1712.0850,396,378,4630
30,20220506,759.4650,384,240,4630
30,20220509,-1552.6550,297,444,4630
30,20220510,877.0150,389,281,4630
30,20220511,-2527.3950,323,85,4630
30,20220512,443.7000,370,193,4630
30,20220513,-2112.6350,174,156,4630
30,20220516,1550.6900,194,620,4630
30,20220517,2117.7500,150,627,4630
30,20220518,-3087.9300,207,401,4630
30,20220519,1426.3450,322,190,4630
30,20220520,5635.3400,284,160,4630
30,20220523,1381.1450,177,574,4630
30,20220524,5120.5650,244,467,4630
30,20220525,824.8500,235,184,4630
30,20220526,-307.3550,77,286,4630
30,20220527,331.2050,58,375,4630
30,20220531,624.8450,172,238,4630
30,20220601,519.7950,167,302,4630
30,20220602,910.3550,98,572,4630
30,20220603,-495.4850,139,604,4630
30,20220606,861.2800,128,259,4630
30,20220607,90.1950,82,446,4630
30,20220608,667.4600,121,561,4630
30,20220609,-1272.9650,141,443,4630
30,20220610,-468.7750,185,161,4630
30,20220613,-1757.8350,279,357,4630
30,20220614,605.8200,207,247,4630
30,20220615,7725.9700,347,498,4630
30,20220616,-58.3950,223,246,4630
30,20220617,1226.8250,245,209,4630
30,20220621,-213.6950,68,420,4630
30,20220622,-529.3650,126,362,4630
30,20220623,58.7300,123,670,4630
30,20220624,106.1050,48,551,4630
30,20220627,869.2750,115,438,4630
31,20220429,-2029.2100,204,171,4630
31,20220502,4640.3650,349,263,4630
31,20220503,702.9450,232,121,4630
31,20220504,21815.4500,295,457,4630
31,20220505,4354.5850,396,294,4630
31,20220506,1128.8600,386,244,4630
31,20220509,-2300.7600,299,175,4630
31,20220510,481.4000,390,280,4630
31,20220511,-3454.2800,322,249,4630
31,20220512,1879.3350,371,111,4630
31,20220513,-3092.6350,174,151,4630
31,20220516,2121.9400,194,620,4630
31,20220517,2699.0000,150,627,4630
31,20220518,-1522.9300,207,401,4630
31,20220519,-2264.8950,323,358,4630
31,20220520,3702.2150,284,142,4630
31,20220523,543.6450,177,574,4630
31,20220524,2946.8150,244,467,4630
31,20220525,4231.1000,235,184,4630
31,20220526,-76.1150,76,297,4630
31,20220628,-883.6700,133,462,4630
31,20220629,870.6650,129,544,4630
31,20220630,225.6200,187,125,4630
31,20220701,2184.0000,150,586,4630
31,20220705,585.8650,149,642,4630
31,20220706,87.1450,152,583,4630
31,20220707,-236.4050,47,596,4630
31,20220708,665.8900,89,439,4630
31,20220711,-38.1300,62,645,4630
31,20220712,627.2000,95,355,4630
31,20220713,-481.7750,135,549,4630
31,20220714,816.8550,123,577,4630
31,20220715,76.1650,54,423,4630
31,20220718,-808.6150,76,364,4630
31,20220719,-219.5200,48,496,4630
31,20220720,485.4450,107,131,4630
31,20220721,-585.3900,86,530,4630
31,20220722,519.8000,105,440,4630
31,20220725,612.5650,69,560,4630
31,20220726,146.4350,81,258,4630
32,20220429,4413.3000,205,135,4630
32,20220502,-9592.7500,350,260,4630
32,20220503,527.9550,233,56,4630
32,20220504,-23959.5500,295,457,4630
32,20220505,4672.0950,397,180,4630
32,20220506,4218.8300,383,231,4630
32,20220509,822.9900,299,237,4630
32,20220510,4862.0250,390,261,4630
32,20220511,1943.8450,322,245,4630
32,20220512,-1353.1550,372,48,4630
32,20220513,-2104.5200,173,145,4630
32,20220516,1729.4400,194,620,4630
32,20220517,-4366.0000,150,627,4630
32,20220518,3965.8200,207,401,4630
32,20220519,-2982.4150,321,189,4630
32,20220520,-6652.7750,285,134,4630
32,20220523,-2964.4600,179,234,4630
32,20220524,-5220.6850,244,467,4630
32,20220525,-2425.7550,237,2,4630
32,20220526,-21.1050,77,286,4630
32,20220727,-3077.6600,109,459,4630
32,20220728,-1888.5450,83,14,4630
32,20220729,-280.0050,62,449,4630
32,20220801,-643.7900,121,508,4630
32,20220802,537.8950,102,349,4630
32,20220803,-560.6300,62,443,4630
32,20220804,-326.2150,66,589,4630
32,20220805,298.3000,80,662,4630
32,20220808,1308.2800,78,676,4630
32,20220809,38.1000,60,366,4630
32,20220810,-128.2900,46,507,4630
32,20220811,380.8700,87,401,4630
32,20220812,-307.2000,30,483,4630
32,20220815,-515.9200,33,585,4630
32,20220816,-571.8700,63,544,4630
32,20220817,1046.0900,109,595,4630
32,20220818,-218.2300,52,601,4630
32,20220819,-49.4600,54,455,4630
32,20220822,79.9650,59,426,4630
32,20220823,767.7850,91,426,4630
33,20220429,740.7900,204,172,4630
33,20220502,-6472.7500,350,261,4630
33,20220503,1087.9350,231,452,4630
33,20220504,-4730.8000,295,457,4630
33,20220505,3448.3350,396,316,4630
33,20220506,3371.9550,383,182,4630
33,20220509,-2763.9050,297,512,4630
33,20220510,290.1600,391,260,4630
33,20220511,-164.9050,322,245,4630
33,20220512,-2856.9250,370,96,4630
33,20220513,-2452.0200,173,146,4630
33,20220516,1010.6900,194,620,4630
33,20220517,852.7500,150,627,4630
33,20220518,-366.6800,207,401,4630
33,20220519,3780.7100,321,480,4630
33,20220520,-1876.5250,285,154,4630
33,20220523,226.1450,177,573,4630
33,20220524,-1331.9350,244,467,4630
33,20220525,462.3500,235,184,4630
33,20220526,-9.8550,77,286,4630
33,20220824,440.5200,52,486,4630
33,20220825,529.3000,55,689,4630
33,20220826,1690.0000,125,171,4630
33,20220829,-68.8600,114,404,4630
33,20220830,359.1000,160,562,4630
33,20220831,-63.5100,149,606,4630
33,20220901,580.6950,132,554,4630
33,20220902,-704.4600,179,384,4630
33,20220906,2124.3000,180,440,4630
33,20220907,538.3000,80,418,4630
33,20220908,2647.5700,132,466,4630
33,20220909,776.8900,64,643,4630
33,20220912,1015.8000,80,661,4630
33,20220913,-983.7900,121,535,4630
33,20220914,463.2050,133,614,4630
33,20220915,17.7900,154,269,4630
33,20220916,-666.8750,125,324,4630
33,20220919,-0.7650,111,627,4630
33,20220920,-334.6250,100,381,4630
33,20220921,6644.2600,301,474,4630
34,20220429,754.5400,204,172,4630
34,20220502,-5601.5000,350,261,4630
34,20220503,679.1950,232,125,4630
34,20220504,-9645.8000,295,457,4630
34,20220505,4885.8450,397,213,4630
34,20220506,3515.0700,382,445,4630
34,20220509,-2447.6550,297,512,4630
34,20220510,563.2750,390,265,4630
34,20220511,-1177.4050,322,284,4630
34,20220512,-1206.9250,370,116,4630
34,20220513,-2983.9350,169,148,4630
34,20220516,1898.1900,194,620,4630
34,20220517,-296.0000,150,627,4630
34,20220518,-50.4300,207,401,4630
34,20220519,3450.0850,321,195,4630
34,20220520,-309.0350,284,401,4630
34,20220523,500.5300,178,240,4630
34,20220524,-315.6850,244,467,4630
34,20220525,-853.9000,235,184,4630
34,20220526,46.3950,77,286,4630
34,20220922,-276.1900,131,647,4630
34,20220923,385.2300,148,495,4630
34,20220926,746.2850,191,481,4630
34,20220927,2093.1000,185,234,4630
34,20220928,-325.7950,108,601,4630
34,20220929,-1161.6050,152,376,4630
34,20220930,791.6000,160,551,4630
34,20221003,952.8050,93,599,4630
34,20221004,350.3250,95,598,4630
34,20221005,-379.5650,106,410,4630
34,20221006,1545.8050,143,245,4630
34,20221007,232.9350,106,264,4630
34,20221010,970.1700,142,392,4630
34,20221011,-547.3600,139,669,4630
34,20221012,920.4650,109,439,4630
34,20221013,2769.6450,277,620,4630
34,20221014,1690.6500,190,377,4630
34,20221017,-552.3150,81,648,4630
34,20221018,-2343.2100,179,480,4630
34,20221019,828.2050,133,312,4630
35,20220527,-791.2950,58,375,4630
35,20220531,-1505.1550,172,238,4630
35,20220601,1401.0450,167,279,4630
35,20220602,-1314.6450,98,572,4630
35,20220603,-465.4850,139,604,4630
35,20220606,2433.7800,128,259,4630
35,20220607,383.3300,83,447,4630
35,20220608,1087.4600,121,561,4630
35,20220609,-654.2150,141,443,4630
35,20220610,976.2450,187,142,4630
35,20220613,-2213.4400,281,224,4630
35,20220614,2145.2050,208,250,4630
35,20220615,9399.7300,348,509,4630
35,20220616,-35.2600,224,159,4630
35,20220617,-15.0500,245,208,4630
35,20220621,-133.6950,68,420,4630
35,20220622,-383.7500,125,363,4630
35,20220623,2074.3650,124,330,4630
35,20220624,-175.7700,48,596,4630
35,20220627,466.7750,115,267,4630
35,20220628,336.3300,133,462,4630
35,20220629,1238.1650,129,544,4630
35,20220630,-303.7750,185,506,4630
35,20220701,1029.0000,150,586,4630
35,20220705,-401.6350,149,642,4630
35,20220706,507.1350,151,652,4630
35,20220707,11.0250,40,597,4630
35,20220708,726.5250,90,690,4630
35,20220711,143.1200,62,645,4630
35,20220712,389.7000,95,355,4630
35,20220713,-966.7750,135,549,4630
35,20220714,-344.3950,123,577,4630
35,20220715,174.2900,54,418,4630
35,20220718,-469.8650,76,364,4630
35,20220719,-136.9600,54,445,4630
35,20220720,165.4450,107,129,4630
35,20220721,-1148.5150,86,517,4630
35,20220722,722.2900,104,446,4630
35,20220725,255.0650,69,579,4630
35,20220726,1322.0600,81,122,4630
36,20220527,-856.9300,57,369,4630
36,20220531,-1260.1350,174,403,4630
36,20220601,3262.2950,167,300,4630
36,20220602,-1780.8950,98,572,4630
36,20220603,-265.4850,139,602,4630
36,20220606,1659.3950,127,593,4630
36,20220607,968.9450,82,446,4630
36,20220608,834.9600,121,561,4630
36,20220609,-279.2150,141,443,4630
36,20220610,2023.7450,187,249,4630
36,20220613,-4511.5650,281,179,4630
36,20220614,1433.9550,208,248,4630
36,20220615,9529.7200,347,498,4630
36,20220616,696.6150,224,154,4630
36,20220617,378.0750,245,209,4630
36,20220621,151.3050,68,420,4630
36,20220622,133.1350,126,361,4630
36,20220623,2064.3650,124,330,4630
36,20220624,-260.1450,48,552,4630
36,20220627,400.5250,115,438,4630
36,20220727,3049.2250,110,517,4630
36,20220728,-1332.2950,83,14,4630
36,20220729,-546.2550,62,449,4630
36,20220801,908.7100,121,508,4630
36,20220802,-609.6050,102,349,4630
36,20220803,-855.6300,62,443,4630
36,20220804,-78.7150,66,589,4630
36,20220805,85.8000,80,662,4630
36,20220808,1690.7800,78,676,4630
36,20220809,323.1000,60,366,4630
36,20220810,221.7100,46,507,4630
36,20220811,325.8700,87,401,4630
36,20220812,10.3000,30,484,4630
36,20220815,-589.0450,33,564,4630
36,20220816,10.6300,63,544,4630
36,20220817,236.0900,109,595,4630
36,20220818,-73.2300,52,601,4630
36,20220819,-26.9600,54,455,4630
36,20220822,297.4650,59,427,4630
36,20220823,520.2850,91,426,4630
37,20220527,-803.1800,57,369,4630
37,20220531,-275.1350,174,402,4630
37,20220601,2581.0450,167,302,4630
37,20220602,770.3550,98,572,4630
37,20220603,-1079.2350,139,590,4630
37,20220606,662.5300,128,259,4630
37,20220607,642.6950,82,446,4630
37,20220608,932.4600,121,561,4630
37,20220609,-1822.9650,141,443,4630
37,20220610,1165.0050,188,233,4630
37,20220613,-2868.4600,279,186,4630
37,20220614,1205.2050,208,248,4630
37,20220615,6055.9700,347,498,4630
37,20220616,-329.6350,224,153,4630
37,20220617,739.3250,245,209,4630
37,20220621,183.8050,68,420,4630
37,20220622,109.3850,126,361,4630
37,20220623,891.8650,124,330,4630
37,20220624,62.3550,48,551,4630
37,20220627,526.7750,115,437,4630
37,20220824,561.7600,51,251,4630
37,20220825,661.7900,54,677,4630
37,20220826,106.2200,122,335,4630
37,20220829,-603.8600,114,404,4630
37,20220830,624.1000,160,562,4630
37,20220831,-356.0100,149,606,4630
37,20220901,1428.8200,132,490,4630
37,20220902,-240.7100,179,384,4630
37,20220906,815.5500,180,440,4630
37,20220907,79.5500,80,418,4630
37,20220908,3517.5700,132,466,4630
37,20220909,804.3900,64,643,4630
37,20220912,704.5500,80,659,4630
37,20220913,-1501.2900,121,535,4630
37,20220914,805.7050,133,614,4630
37,20220915,-595.9800,152,425,4630
37,20220916,415.6250,125,324,4630
37,20220919,755.4850,111,629,4630
37,20220920,1345.3750,100,381,4630
37,20220921,-8793.2400,301,361,4630
38,20220527,-586.9300,57,369,4630
38,20220531,-1127.6350,174,402,4630
38,20220601,2236.0450,167,302,4630
38,20220602,532.8550,98,572,4630
38,20220603,-1246.7350,139,601,4630
38,20220606,611.2800,128,259,4630
38,20220607,1240.1950,82,446,4630
38,20220608,924.9600,121,561,4630
38,20220609,-2597.9650,141,443,4630
38,20220610,1147.4850,186,151,4630
38,20220613,-2936.5850,279,210,4630
38,20220614,1248.3400,209,36,4630
38,20220615,8764.7200,347,498,4630
38,20220616,472.8650,224,153,4630
38,20220617,492.4600,246,298,4630
38,20220621,103.8050,68,420,4630
38,20220622,-451.8650,126,361,4630
38,20220623,2064.3650,124,330,4630
38,20220624,139.8550,48,551,4630
38,20220627,851.7750,115,437,4630
38,20220922,-624.9400,131,647,4630
38,20220923,2543.9800,148,495,4630
38,20220926,-222.4650,191,466,4630
38,20220927,1495.6000,185,192,4630
38,20220928,375.4550,108,601,4630
38,20220929,694.6450,152,376,4630
38,20220930,-602.1500,160,551,4630
38,20221003,702.8050,93,599,4630
38,20221004,957.8250,95,598,4630
38,20221005,497.9350,106,410,4630
38,20221006,879.5550,143,245,4630
38,20221007,-133.3150,106,265,4630
38,20221010,1530.1700,142,392,4630
38,20221011,-902.3600,139,669,4630
38,20221012,-279.5350,109,439,4630
38,20221013,7819.6450,277,620,4630
38,20221014,684.4000,190,377,4630
38,20221017,57.6850,81,648,4630
38,20221018,1040.5400,179,254,4630
38,20221019,1492.5600,131,305,4630
39,20220628,943.8300,133,462,4630
39,20220629,1186.9150,129,544,4630
39,20220630,-3849.3900,186,501,4630
39,20220701,1687.7500,150,586,4630
39,20220705,732.1150,149,642,4630
39,20220706,2514.6450,152,581,4630
39,20220707,-110.1950,43,653,4630
39,20220708,1300.8900,89,439,4630
39,20220711,420.6200,62,645,4630
39,20220712,-412.8000,95,354,4630
39,20220713,-201.7750,135,549,4630
39,20220714,-168.1450,123,577,4630
39,20220715,496.7900,54,435,4630
39,20220718,-1217.3750,75,596,4630
39,20220719,-164.4600,54,448,4630
39,20220720,319.8100,106,121,4630
39,20220721,-479.7650,86,517,4630
39,20220722,1603.5500,105,440,4630
39,20220725,-268.6750,70,489,4630
39,20220726,615.8100,81,121,4630
39,20220727,3324.2350,111,486,4630
39,20220728,-33.5450,83,14,4630
39,20220729,-296.8700,63,462,4630
39,20220801,731.2100,121,508,4630
39,20220802,-1364.6050,102,349,4630
39,20220803,-628.1300,62,444,4630
39,20220804,-179.9650,66,589,4630
39,20220805,608.3000,80,662,4630
39,20220808,1905.7800,78,676,4630
39,20220809,351.8500,60,366,4630
39,20220810,209.2200,47,541,4630
39,20220811,663.3700,87,401,4630
39,20220812,-290.9600,29,605,4630
39,20220815,-460.9000,35,703,4630
39,20220816,-216.8700,63,565,4630
39,20220817,-90.1600,109,595,4630
39,20220818,79.2700,52,601,4630
39,20220819,-353.2100,54,460,4630
39,20220822,265.6100,61,458,4630
39,20220823,175.2850,91,426,4630
40,20220628,-1434.9200,133,462,4630
40,20220629,375.6650,129,544,4630
40,20220630,-1656.2650,186,510,4630
40,20220701,3092.7500,150,586,4630
40,20220705,2242.1150,149,642,4630
40,20220706,1809.6450,152,314,4630
40,20220707,143.5950,47,661,4630
40,20220708,1334.6400,89,439,4630
40,20220711,-139.3800,62,645,4630
40,20220712,-644.0500,95,353,4630
40,20220713,706.9750,135,549,4630
40,20220714,1385.6050,123,577,4630
40,20220715,221.7900,54,433,4630
40,20220718,-1308.6450,73,326,4630
40,20220719,-25.1350,49,495,4630
40,20220720,1184.1850,106,122,4630
40,20220721,389.6100,86,528,4630
40,20220722,713.5500,105,440,4630
40,20220725,175.0750,70,472,4630
40,20220726,90.8000,80,130,4630
40,20220824,431.1150,49,304,4630
40,20220825,709.2600,51,684,4630
40,20220826,-343.7700,123,329,4630
40,20220829,-863.8600,114,404,4630
40,20220830,909.1000,160,562,4630
40,20220831,-569.7600,149,606,4630
40,20220901,1881.3100,131,590,4630
40,20220902,-131.9600,179,384,4630
40,20220906,1398.0500,180,440,4630
40,20220907,908.3000,80,418,4630
40,20220908,3285.0700,132,466,4630
40,20220909,908.1700,67,725,4630
40,20220912,1089.5500,80,689,4630
40,20220913,-1679.4450,118,528,4630
40,20220914,253.2050,133,614,4630
40,20220915,127.7800,153,255,4630
40,20220916,1768.1250,125,357,4630
40,20220919,1526.7350,111,629,4630
40,20220920,1100.3750,100,381,4630
40,20220921,-11508.8650,301,394,4630
41,20220628,-1489.9200,133,462,4630
41,20220629,325.6650,129,544,4630
41,20220630,-2084.3900,186,501,4630
41,20220701,3010.2500,150,586,4630
41,20220705,1773.3650,149,642,4630
41,20220706,1552.1450,152,581,4630
41,20220707,164.8150,44,685,4630
41,20220708,1109.6400,89,439,4630
41,20220711,-99.3800,62,645,4630
41,20220712,-682.8000,95,353,4630
41,20220713,526.9750,135,549,4630
41,20220714,1049.3550,123,577,4630
41,20220715,334.2900,54,432,4630
41,20220718,-1309.8950,73,313,4630
41,20220719,-168.2400,51,456,4630
41,20220720,864.1850,106,122,4630
41,20220721,352.7350,86,517,4630
41,20220722,793.5500,105,440,4630
41,20220725,261.3250,70,473,4630
41,20220726,-130.4400,81,121,4630
41,20220922,175.0600,131,647,4630
41,20220923,2003.3650,149,179,4630
41,20220926,203.7850,191,437,4630
41,20220927,1693.1000,185,302,4630
41,20220928,155.4550,108,601,4630
41,20220929,542.1450,152,376,4630
41,20220930,-1032.1500,160,551,4630
41,20221003,711.5550,93,599,4630
41,20221004,930.3350,96,261,4630
41,20221005,609.1850,106,410,4630
41,20221006,1124.5550,143,230,4630
41,20221007,-414.5750,105,625,4630
41,20221010,598.9200,142,392,4630
41,20221011,-1428.6100,139,668,4630
41,20221012,-314.5350,109,439,4630
41,20221013,7024.6450,277,620,4630
41,20221014,1103.1500,190,377,4630
41,20221017,-4.8150,81,648,4630
41,20221018,-395.0850,179,452,4630
41,20221019,1398.2050,133,304,4630
42,20220727,3444.8500,110,547,4630
42,20220728,2396.4550,83,15,4630
42,20220729,296.2450,62,451,4630
42,20220801,316.2100,121,508,4630
42,20220802,-17.0950,103,344,4630
42,20220803,554.3700,62,444,4630
42,20220804,848.7850,66,589,4630
42,20220805,98.3000,80,662,4630
42,20220808,-909.2200,78,676,4630
42,20220809,331.8500,60,366,4630
42,20220810,260.4500,45,540,4630
42,20220811,-404.1300,87,401,4630
42,20220812,675.3000,30,714,4630
42,20220815,112.8400,34,674,4630
42,20220816,119.3900,64,550,4630
42,20220817,-465.1600,109,595,4630
42,20220818,534.2700,52,601,4630
42,20220819,-320.7100,54,461,4630
42,20220822,259.3900,64,469,4630
42,20220823,-210.9650,91,426,4630
42,20220824,608.6150,49,289,4630
42,20220825,330.5100,51,678,4630
42,20220826,-3892.5300,122,335,4630
42,20220829,654.8900,114,404,4630
42,20220830,579.1000,160,562,4630
42,20220831,-651.0100,149,606,4630
42,20220901,2465.0600,131,590,4630
42,20220902,-4185.7100,179,384,4630
42,20220906,-946.9500,180,440,4630
42,20220907,1152.0500,80,418,4630
42,20220908,2672.5700,132,466,4630
42,20220909,515.6300,63,682,4630
42,20220912,682.0500,80,690,4630
42,20220913,-1320.6950,118,532,4630
42,20220914,1076.9550,133,614,4630
42,20220915,-1263.4700,153,273,4630
42,20220916,1539.3750,125,337,4630
42,20220919,1002.9750,110,649,4630
42,20220920,810.3750,100,381,4630
42,20220921,-13841.9900,301,420,4630
43,20220727,3201.0900,109,459,4630
43,20220728,1370.2050,83,15,4630
43,20220729,-36.8500,65,618,4630
43,20220801,821.2100,121,508,4630
43,20220802,-410.8550,102,349,4630
43,20220803,214.3700,62,444,4630
43,20220804,531.2850,66,589,4630
43,20220805,823.3000,80,662,4630
43,20220808,928.2800,78,676,4630
43,20220809,469.3500,60,366,4630
43,20220810,400.4800,48,509,4630
43,20220811,335.8700,87,401,4630
43,20220812,210.3100,31,500,4630
43,20220815,-370.2850,34,696,4630
43,20220816,-279.3700,63,556,4630
43,20220817,-37.6600,109,595,4630
43,20220818,359.3000,55,605,4630
43,20220819,-215.7100,54,460,4630
43,20220822,-41.3150,56,432,4630
43,20220823,279.0350,91,426,4630
43,20220922,-582.4400,131,647,4630
43,20220923,1553.3550,148,237,4630
43,20220926,-1799.9650,191,435,4630
43,20220927,-1940.6500,185,302,4630
43,20220928,1332.9550,108,601,4630
43,20220929,1540.8950,152,376,4630
43,20220930,-2944.6500,160,551,4630
43,20221003,1135.3050,93,600,4630
43,20221004,1294.7100,96,260,4630
43,20221005,1304.1850,106,410,4630
43,20221006,-604.1950,143,230,4630
43,20221007,-403.3250,105,620,4630
43,20221010,1320.1700,142,392,4630
43,20221011,-48.6100,139,668,4630
43,20221012,-394.5350,109,439,4630
43,20221013,13739.6450,277,620,4630
43,20221014,-2584.3500,190,377,4630
43,20221017,647.6850,81,648,4630
43,20221018,3006.7900,179,465,4630
43,20221019,668.2050,133,304,4630
44,20220824,300.5100,51,256,4630
44,20220825,766.7600,51,678,4630
44,20220826,1731.2400,124,218,4630
44,20220829,-1211.3600,114,404,4630
44,20220830,336.6000,160,562,4630
44,20220831,-328.5100,149,606,4630
44,20220901,1437.5600,131,590,4630
44,20220902,-19.4600,179,384,4630
44,20220906,1029.3000,180,440,4630
44,20220907,-42.9500,80,418,4630
44,20220908,2555.0700,132,466,4630
44,20220909,741.8800,63,682,4630
44,20220912,1407.0500,80,689,4630
44,20220913,-771.9450,118,531,4630
44,20220914,598.2050,133,614,4630
44,20220915,329.0200,152,328,4630
44,20220916,1636.8750,125,337,4630
44,20220919,1266.7350,111,631,4630
44,20220920,1366.6250,100,381,4630
44,20220921,-11616.9800,302,391,4630
44,20220922,-37.4400,131,647,4630
44,20220923,1515.8550,148,237,4630
44,20220926,2445.0350,191,435,4630
44,20220927,4423.1000,185,271,4630
44,20220928,-667.0450,108,601,4630
44,20220929,-117.8550,152,376,4630
44,20220930,12.8500,160,551,4630
44,20221003,957.8050,93,600,4630
44,20221004,622.8350,96,261,4630
44,20221005,-582.0650,106,410,4630
44,20221006,-155.4450,143,230,4630
44,20221007,891.6750,105,620,4630
44,20221010,1080.1700,142,392,4630
44,20221011,-2433.6100,139,668,4630
44,20221012,-448.2850,109,439,4630
44,20221013,-3294.1050,277,620,4630
44,20221014,1805.6500,190,377,4630
44,20221017,55.1850,81,648,4630
44,20221018,586.1750,180,473,4630
44,20221019,1363.2050,133,304,4630
